image10.png,219.54948,201.77914,-98.24655,228.49382,191.27206,-120.26944,230.71576,191.03339,-120.305786,233.05898,190.77951,-120.30592,228.06369,191.29152,-82.77689,229.48233,191.19804,-82.7658,230.99983,191.1599,-82.69458,251.26022,197.15091,-180.85263,248.55753,197.6077,-9.422182,229.1247,215.89117,-117.96979,227.56862,215.98318,-68.90596,281.21512,273.038,-250.45973,262.00156,271.08838,96.37293,302.83298,372.58978,-257.4494,293.71674,369.53552,114.87977,301.16016,440.24207,-219.23369,296.65472,426.4361,35.281223,307.94626,457.78638,-256.73267,299.145,444.59506,33.06585,299.137,455.97165,-256.9032,296.46713,439.48718,9.055508,297.60452,450.89368,-218.56374,296.3493,431.88525,21.355373,279.12433,432.42078,-117.00441,260.85327,419.62448,117.668236,169.4905,444.90933,-238.85855,158.14578,452.27972,218.41539,182.14336,570.6637,-128.93765,207.50237,528.12805,278.9361,200.18492,591.68896,-117.59026,227.7824,535.02747,285.527,132.55208,591.92114,-152.7161,188.18729,558.2122,282.21634
image100.png,603.3875,112.39284,-114.00138,594.61566,99.96396,-71.217,594.4882,100.90483,-71.113754,594.5165,101.81951,-71.33729,588.3315,98.10651,-124.12514,583.5202,97.26029,-124.16313,578.68933,96.571365,-124.40144,570.9312,110.77212,101.54916,549.8798,105.42317,-132.03731,593.09076,132.33795,-53.337376,584.35944,129.9334,-120.21436,577.06836,211.5972,154.88599,466.21033,208.88243,-195.88371,589.0881,298.09387,-29.963717,441.2065,323.5797,-468.27658,624.99805,213.73749,-315.73013,443.46066,206.68942,-705.0005,644.2833,191.17876,-361.88376,437.72345,172.0515,-758.16766,641.02985,183.80739,-362.04944,432.76382,157.9268,-742.1221,628.72363,190.40756,-328.79858,440.00977,171.60858,-701.8005,578.9346,447.2611,118.82824,501.0977,468.41895,-118.35075,726.5924,462.68893,-139.68143,569.5055,549.28894,-334.33853,706.1397,624.9328,50.386505,551.9546,623.3095,115.28429,685.0807,653.32086,69.00999,536.97955,631.697,163.9204,762.4177,664.44836,7.9034452,582.69543,650.9648,111.58275
image102.png,501.827,122.666824,-37.34287,493.67984,107.785355,-26.970356,491.6435,107.39053,-26.937033,489.74625,106.94148,-27.111822,493.07022,108.47388,-65.26069,490.1866,108.04664,-65.337,487.3024,107.79488,-65.32206,472.95895,110.50803,54.67428,469.07373,111.74031,-106.736465,494.0035,134.63045,-6.3245435,491.6708,135.00722,-54.07892,459.3989,180.35022,157.27618,463.30237,185.03305,-215.86479,521.1824,255.65901,18.557957,524.3381,254.51117,-143.59811,515.9507,202.27153,-260.1467,518.9658,189.33498,95.20865,519.14276,189.09116,-293.31705,526.7849,170.68205,105.928185,505.96,182.76413,-267.61777,510.09863,163.72466,80.04765,501.02682,191.04839,-259.2275,505.1135,175.27034,93.73753,471.7414,363.4953,111.7316,444.46375,373.27924,-111.80068,600.2287,349.2213,187.42137,366.18994,519.71063,-210.15033,611.8652,520.0001,217.31036,247.32741,519.0105,-134.19682,596.79205,555.71545,206.52365,226.64948,508.07895,-127.48328,684.86145,545.82605,205.19441,243.56778,549.703,-212.81422
image103.png,468.22192,125.12839,-140.16313,482.75156,111.55608,-156.58652,487.79562,111.53517,-156.61003,493.00806,111.50433,-156.85435,473.711,111.236244,-117.45799,472.0771,111.19423,-117.41777,470.44824,111.29391,-117.57992,515.89417,117.66606,-157.31018,487.08267,115.49654,13.243348,484.99658,139.77377,-135.06456,473.12393,139.47276,-85.90829,580.5339,199.88773,-194.2947,486.21948,198.41542,107.723206,605.854,295.05566,-279.85706,508.9017,273.39423,178.98363,566.20575,275.2153,-399.70264,498.67728,292.65054,160.876,555.93024,273.92236,-450.83,497.3091,300.98978,142.37112,555.859,258.7921,-446.52704,494.88193,294.5085,120.79006,558.90784,259.69754,-399.91293,498.95154,290.50958,146.9394,583.8515,379.7356,-113.07867,539.0002,372.97476,113.47816,485.12946,389.98923,-404.2873,573.68695,498.7507,60.591686,486.27292,534.5946,-249.97829,661.83813,447.65936,362.86075,505.34738,554.7065,-231.32211,670.9754,430.94876,394.5105,424.48837,584.2017,-331.7258,681.955,469.1109,356.67984
image109.png,824.8357,249.16075,-384.08505,817.97546,224.15512,-374.35733,816.4089,222.96506,-374.2018,815.1799,221.77489,-374.30914,815.15515,226.3556,-435.383,810.4294,225.543,-435.42017,805.6915,224.86421,-435.51096,784.9573,224.17488,-265.22787,773.54364,227.5414,-540.5776,806.4175,269.6869,-336.1717,800.9368,270.76987,-417.5038,712.29364,336.44144,-46.537655,700.26764,367.26596,-666.2118,696.2493,527.81024,23.070381,709.9369,560.9082,-668.7383,738.5686,700.8715,-31.585709,764.4538,742.474,-597.33545,758.6198,738.64496,-25.454277,774.88654,793.0977,-673.57153,760.986,741.5746,-76.4952,797.51843,781.30646,-681.1442,748.0628,734.0577,-56.125774,784.9504,767.94275,-595.3776,642.2307,650.6703,186.09879,589.4081,682.99506,-185.6686,849.87573,674.4222,487.47095,490.97928,852.30566,-320.67365,812.18414,865.1683,685.2174,188.96991,822.958,-208.23978,780.86945,902.20953,694.0337,139.14957,801.0457,-200.8691,894.02246,939.02966,695.7689,161.6648,888.5408,-310.91998
image11.png,661.57806,275.7307,-388.2258,655.3115,252.48969,-334.16846,660.81824,252.96121,-334.31946,666.83405,253.33723,-334.5059,632.9375,252.97618,-384.6413,621.7039,253.43854,-385.15305,610.50574,254.2514,-385.4053,653.2654,270.92276,-42.336613,577.13544,273.75403,-265.1475,666.3384,311.87833,-279.91388,637.67303,312.99963,-344.22482,720.99445,448.40063,167.63339,476.2287,456.76614,-250.92648,826.4422,649.13715,-89.26398,445.6754,700.95233,-581.37646,779.9771,520.5235,-634.4066,589.1388,536.44934,-956.34393,769.4702,496.65045,-729.43805,633.0808,495.80698,-1018.6505,753.1033,468.7594,-680.0088,625.11255,450.97723,-985.3507,746.1348,482.73724,-628.0501,619.8493,472.97073,-935.56067,695.2703,824.9011,128.08882,537.2493,847.5616,-127.80717,842.68396,873.9994,-643.19,464.3846,1164.2295,21.685204,766.00543,1212.8536,-341.5741,364.10715,998.6818,985.691,711.60095,1267.1418,-320.09265,338.7917,963.5281,1090.0908,866.6656,1303.6086,-582.08655,390.94003,1021.1778,1044.5009
image110.png,301.40378,59.008667,-223.82983,307.46326,46.860806,-216.59637,311.26782,46.18881,-216.561,315.01538,45.532265,-216.43877,297.6412,48.017723,-214.65034,294.07346,48.035778,-214.57303,290.5019,48.16428,-214.60765,322.13477,45.024498,-133.6134,287.70868,47.552265,-122.48219,309.16095,64.26095,-191.77922,296.72766,65.47985,-187.68173,347.77014,76.89204,-70.721466,269.4917,80.870804,-57.26119,390.38556,118.27432,-147.45396,239.0497,128.48727,-135.68204,404.68396,81.34724,-288.88824,214.1566,89.86553,-305.9691,412.398,66.82337,-321.64868,204.97493,80.843864,-339.56317,408.40704,58.90966,-325.53464,208.27164,71.913994,-339.14642,401.2045,66.13156,-293.8766,215.20593,77.1909,-310.61224,330.9336,188.55876,-4.214583,285.10056,185.69397,4.4799986,339.67426,278.22977,11.536858,266.73596,213.28287,-254.36615,341.991,273.62125,291.65356,276.01532,291.46066,-141.7198,339.66278,266.80084,319.39777,282.9347,299.09103,-134.5044,350.78595,298.2939,304.5611,274.27258,327.1,-226.34052
image111.png,1262.3958,945.26056,-708.53314,1280.712,911.2862,-603.15576,1297.8572,914.30646,-603.28186,1315.7802,917.1961,-602.81757,1229.4111,905.69446,-618.2137,1209.0579,903.60046,-618.20276,1188.7163,902.1021,-617.9635,1327.3877,960.10474,-101.6259,1149.4009,937.8048,-149.7137,1288.3528,1012.38464,-535.50635,1215.7533,1003.71783,-547.8954,1444.6323,1263.965,191.28989,976.49817,1189.3032,-59.75963,1680.092,1547.8634,-60.10187,765.1288,1456.5494,-293.77774,1486.7888,1679.0642,-686.039,1032.0885,1652.3021,-689.2954,1437.0381,1748.7506,-794.3212,1097.9457,1750.0824,-798.0546,1383.3055,1693.3214,-825.54626,1149.4425,1701.5427,-801.5235,1393.4839,1683.8704,-697.0796,1124.0242,1679.0875,-678.7644,1222.5608,1879.3196,64.08649,963.6137,1837.6547,-62.576454,1341.7467,1692.6693,-1562.4476,1100.0167,1688.2101,-1542.062,1302.3416,2246.3733,-1402.808,1226.6765,2222.9646,-1389.4403,1269.5675,2322.33,-1389.9347,1233.4524,2286.1409,-1376.9236,1321.9991,2430.7405,-1957.8331,1335.9371,2433.4912,-1897.2544
image112.png,875.01196,366.71155,-681.8024,908.40497,343.65305,-628.7525,924.70447,345.27496,-629.0484,941.4413,346.62857,-629.0267,868.77026,342.12823,-591.0864,855.9555,341.46124,-590.5665,842.9747,341.1923,-590.68286,978.44025,380.52682,-339.65277,847.3358,367.736,-153.23749,911.3857,411.3842,-583.51245,855.64075,407.50046,-529.1079,1083.3488,616.5661,-249.10793,768.6207,601.9375,77.59919,1086.0837,911.37286,-187.70885,712.15094,879.82166,141.70387,1097.1199,1179.9982,-256.38007,649.2739,1092.4388,-71.33439,1125.6277,1241.1948,-278.7469,627.58905,1151.9105,-71.96505,1105.357,1248.4515,-371.72635,609.246,1158.9352,-195.62506,1080.1534,1225.9655,-284.96954,632.6188,1144.848,-127.097984,965.47076,1073.3451,-63.85602,775.4222,1056.7987,65.33148,905.48517,1341.7831,51.060093,751.65027,1145.1912,-1014.6686,1074.7616,1369.6263,1200.0504,757.19183,1567.2595,-880.1907,1095.272,1348.4932,1316.5779,776.7911,1627.8564,-876.7498,1068.9069,1513.9115,1125.2708,699.13007,1712.5299,-1310.4683
image115.png,643.97144,747.01434,-299.3695,683.7352,697.3931,-396.98642,692.9116,695.80597,-396.74197,702.73944,694.0126,-397.01935,684.84686,695.6052,-258.86157,694.16895,693.9246,-259.2435,703.44226,692.3004,-259.0612,783.9476,708.61505,-655.05505,781.01074,705.46216,-17.113644,686.69965,798.6307,-379.47864,686.965,799.62476,-196.56313,880.424,1039.8717,-914.60486,862.42523,1016.392,391.51743,930.9102,1483.9319,-956.3526,930.90326,1434.4349,529.7417,852.3908,1873.6151,-759.11725,906.36725,1791.2191,342.82526,861.1831,1971.7417,-858.8436,895.3221,1885.8226,318.8537,819.18085,1975.2467,-857.2948,903.3778,1882.146,251.04181,820.61444,1937.4648,-744.46704,909.4032,1846.794,286.72504,895.55096,1761.8896,-406.77063,896.13153,1713.0826,407.11374,554.20795,1932.3083,-442.29468,890.3091,2034.6415,640.6769,887.4905,2256.03,-3.42946,1372.0386,2107.9878,754.9078,980.71796,2280.93,34.9756,1470.3298,2088.1157,755.20544,825.4682,2376.3828,-6.4078693,1447.4624,2209.6414,667.07715
image117.png,187.51671,65.01049,24.871824,190.91226,59.2397,12.368902,191.99121,59.030945,12.426175,193.10599,58.805138,12.436822,190.57129,59.228134,33.174873,191.27953,59.140182,33.169262,192.00632,59.101963,33.073944,200.21187,60.171555,-24.181232,197.93869,60.38485,67.2345,191.54926,70.09202,11.831634,190.73723,70.21406,38.28361,209.56146,88.84883,-79.98799,209.0022,94.26393,116.18066,209.59192,128.34418,-78.58414,207.53242,124.49667,169.9576,205.54478,146.10097,46.874775,203.26834,144.51175,135.37949,205.25395,148.6678,58.45594,199.58485,148.14874,129.36754,203.81949,144.74701,57.26142,202.27026,147.14293,122.496826,205.83409,144.37712,51.261913,203.84349,145.23622,128.88312,204.78418,161.61993,-63.831062,212.42041,166.84958,63.756546,143.89102,157.88678,-52.71728,234.46986,225.76378,28.23175,154.04117,215.21223,-34.24591,287.70627,212.31923,57.239006,163.56427,226.0447,-31.41722,295.4067,204.51468,60.022682,128.95975,231.09892,-31.609646,300.1431,232.1056,52.075974
image118.png,639.07336,148.17023,-301.38315,656.9339,130.63057,-294.9025,664.15906,130.34798,-294.79095,671.52075,129.85124,-294.98923,641.34674,130.5819,-262.3694,636.79205,129.78546,-262.49826,632.11945,129.22926,-262.53198,696.184,136.6317,-201.65721,645.53815,133.5996,-44.300007,659.2048,165.51363,-264.0675,637.91473,164.8854,-218.8648,738.52,226.79286,-226.15553,647.438,231.05179,196.07883,849.0955,299.58463,-204.58345,688.1126,317.83847,359.6482,773.7085,394.88666,7.552288,683.39606,394.6182,120.21914,759.4495,416.3496,22.983269,682.7189,419.88788,85.7114,743.8926,400.354,10.783969,674.7376,411.0626,40.917652,757.14056,389.81302,16.344627,677.52924,403.1151,95.398964,751.4467,478.37808,-133.83104,669.47296,472.52664,133.27293,848.9641,685.51404,-255.45663,519.97577,474.24255,-168.28378,972.9693,624.2824,146.5538,546.5711,683.3923,-173.6743,988.1995,591.6702,191.82239,575.00354,724.0574,-185.75592,991.39764,681.39954,113.50445,456.90048,731.91364,-301.06778
image119.png,673.7439,92.21911,-60.631493,660.9473,74.35105,-44.59577,658.31366,74.42456,-44.402527,655.86426,74.51331,-44.555954,660.333,76.019424,-106.37393,656.7522,76.679375,-106.47484,653.24005,77.452156,-106.78186,636.5468,87.645195,64.0663,631.7878,91.09155,-206.86343,666.2576,115.12919,-15.506813,664.3588,116.4969,-94.01967,614.18787,208.00494,246.43903,626.44324,216.7386,-343.18954,661.30316,319.39612,289.4837,685.9665,363.16132,-210.73792,722.83606,277.98618,99.11536,735.7793,277.47247,80.50652,739.45306,260.36377,73.36285,757.7953,250.90132,89.81854,739.80383,250.56503,66.75726,736.2267,234.93793,67.56881,730.2711,257.34375,78.942406,726.69653,247.38426,85.93296,613.2281,457.76007,195.02707,649.4587,469.4178,-194.91692,544.5554,625.7981,251.66487,848.376,458.26416,-74.68213,364.74677,629.50195,196.1781,790.05566,658.4744,81.60069,333.14508,611.95776,199.73819,753.0354,689.02136,103.26135,346.46774,685.15497,203.08328,869.9005,713.0158,154.73586
image12.png,519.64685,160.2523,-207.17554,533.713,144.77757,-221.74388,538.6039,143.8472,-221.73439,543.66724,142.79218,-221.82068,526.59467,145.32138,-177.13899,525.9039,145.1152,-177.16618,525.1694,144.98341,-177.08505,569.9416,144.20918,-236.72742,546.6765,145.86986,-39.02804,538.1157,173.85376,-210.85725,528.6918,174.85983,-153.58788,625.77374,229.45473,-316.55933,575.5571,235.75462,113.951645,638.88324,360.32776,-351.76736,561.9881,353.3392,137.98874,611.9972,487.07175,-355.2018,518.7549,448.62057,71.51991,616.8304,516.831,-404.92093,503.24188,470.3728,70.04788,598.05396,523.18866,-410.65628,504.7874,470.0338,31.703405,597.80475,515.29083,-355.2298,515.1305,464.7829,49.47206,659.29504,441.3113,-144.60677,637.8427,431.29227,145.0494,544.926,479.82358,-141.66106,615.46985,560.1789,185.88434,611.17065,605.4824,11.205052,696.9294,576.04626,258.24487,643.0092,623.3652,26.517738,723.4761,569.93243,269.0938,548.96436,642.7486,-8.368444,669.9492,605.30634,241.00827
image124.png,755.01776,299.35834,35.37475,742.67786,285.2471,48.95621,739.09595,285.6209,48.99628,735.5915,285.92276,48.776314,745.71075,287.01065,-7.7546062,743.47595,287.57642,-7.7582555,741.0048,288.2523,-7.8745146,713.52686,300.93878,128.34415,719.4864,303.1172,-118.32042,745.75903,321.40332,72.82734,747.3941,322.2065,1.3833965,664.0172,417.1625,313.5691,703.5064,402.82593,-265.48212,734.5335,491.58945,466.59445,810.1038,503.9632,-119.60275,780.5892,423.0026,611.0429,826.0403,407.40857,159.87096,791.04504,397.74323,656.87714,842.3157,373.80963,151.37492,787.237,393.43268,658.6898,814.17395,360.45605,125.04597,783.5641,404.10684,611.53625,806.78986,378.16818,159.05344,625.1163,634.6551,183.25569,614.1513,647.52295,-183.33061,791.9404,655.81714,252.6301,573.45245,860.27045,-319.20212,728.015,837.1727,267.91348,375.75104,814.79156,-156.56624,694.87683,867.69635,261.4456,350.88876,786.9425,-133.91241,788.70184,897.04987,298.0797,324.38007,863.3596,-101.45119
image126.png,201.60829,59.152752,-117.15843,201.32167,53.774895,-104.35464,202.66805,53.71476,-104.397964,204.08005,53.64371,-104.44427,196.26093,54.268436,-116.70295,193.72746,54.42359,-116.656845,191.19643,54.608814,-116.66382,202.32985,57.627445,-46.582375,185.49269,58.3206,-99.7803,203.54822,65.56041,-95.737,196.78764,66.03166,-110.91328,203.58891,93.054634,19.840555,174.10057,91.454834,-117.17324,202.30852,131.77682,33.830353,162.06061,130.78589,-116.818,206.86687,164.38928,-18.089014,159.86935,171.4933,-127.49375,209.04172,171.746,-25.242489,155.14655,178.93019,-145.58823,209.29143,171.3984,-46.756344,161.38054,180.60425,-152.55954,206.8296,169.22159,-28.634405,164.81734,178.89958,-130.75624,190.06459,155.63629,46.88131,177.27211,156.45358,-46.74396,191.27798,184.53423,73.39016,213.85022,170.85316,-69.249756,162.452,198.4478,131.34587,186.10542,184.7974,10.01644,155.25943,198.9297,134.84637,179.89825,186.87383,18.01636,165.31117,208.35124,117.97546,188.82246,193.03522,9.346154
image127.png,562.7989,122.13845,-78.08274,574.24817,107.31112,-106.78482,577.88806,106.74695,-106.63847,581.6799,106.05994,-106.67498,570.27234,107.45244,-68.46053,570.5836,107.03007,-68.468216,570.84204,106.750565,-68.45152,602.99365,109.84049,-154.6163,587.9584,109.067,24.02793,576.01434,137.26227,-93.42431,571.0734,137.08205,-42.16048,637.43536,192.32034,-229.40053,602.00244,196.79941,146.29855,552.5002,281.06778,-168.91136,551.1317,294.81232,99.09036,506.34955,226.64165,-24.102392,502.9496,233.08109,-86.00374,485.64606,212.82779,-36.8874,482.75424,209.28625,-101.67921,495.2365,202.86783,-48.86735,489.91547,201.55122,-94.2285,504.12357,210.2263,-22.419117,504.0502,209.88646,-91.595665,659.8982,397.98584,-116.51167,613.8621,381.86044,116.513824,706.0258,562.13104,-171.0998,475.5174,405.93842,117.98972,862.80334,519.5893,-46.10862,491.06897,532.1824,167.85672,881.12195,499.1145,-26.695395,512.5173,557.55194,167.00113,902.1553,563.32306,-16.756084,429.2383,578.43066,171.16205
image128.png,374.08905,96.45968,20.266014,359.57666,84.722176,50.547527,355.99136,83.7023,50.49479,352.54858,82.58587,50.516663,361.20984,88.2243,-11.5280285,358.8239,89.005974,-11.494874,356.40405,89.90032,-11.492956,332.96384,89.74916,161.50562,336.30762,99.03904,-106.60408,365.48944,109.51032,65.04227,366.94867,113.30309,-13.598733,319.64822,175.20305,301.80963,316.39127,178.56703,-262.24454,295.69327,271.05988,406.4587,294.91937,278.82605,-306.43735,339.16132,333.28754,274.63586,342.5973,345.36566,-134.87662,351.33923,351.79324,260.2564,354.8506,367.50946,-132.55211,355.51544,350.68527,232.54967,360.38354,357.75052,-135.12419,350.5336,344.17352,254.7294,352.03305,348.71622,-124.8826,342.82242,375.21487,152.71886,309.95117,387.94022,-152.06357,495.363,418.16962,133.53857,250.89893,538.70416,-205.98634,498.1681,551.40375,205.30844,104.631256,524.65845,-44.12686,481.16937,578.17975,199.52151,81.823944,506.64526,-25.711739,572.88947,578.55646,174.24158,94.53764,564.4095,-65.52613
image13.png,113.894264,58.898064,-144.22786,112.934555,47.255836,-117.010635,115.29037,46.215775,-117.09312,117.710335,45.09408,-117.11856,103.83773,49.475662,-133.0268,99.70481,49.69038,-132.87537,95.59243,49.969795,-132.84732,112.46653,47.203606,-0.5309504,82.90415,53.82179,-70.66683,116.27099,66.65942,-101.13332,103.67953,69.613884,-119.86928,128.04854,99.823975,122.79888,62.16535,113.093796,-95.92741,140.26309,155.34218,168.48564,16.626703,170.94543,-130.60162,144.92784,198.16176,2.999612,66.95091,219.8655,-154.92146,146.51952,208.00784,-35.41286,77.16342,223.02995,-188.39389,143.42636,202.48436,-52.239475,79.42327,209.29366,-178.6072,139.6037,197.82742,-11.688803,73.579254,207.95117,-151.18011,122.75904,222.5715,90.34279,89.91308,228.50504,-89.654755,107.94978,311.17978,170.03459,164.78741,248.58008,-295.98514,52.566265,299.26785,427.76163,152.66908,340.05795,-175.49997,37.90165,292.5559,450.31647,141.70386,351.731,-169.00066,51.253788,325.53836,383.3082,185.11128,378.99182,-288.5428
image130.png,1185.9264,194.60132,-193.2954,1159.7092,157.88118,-140.56766,1154.72,156.4577,-140.45453,1150.305,154.84703,-140.56976,1156.1313,161.96643,-260.73114,1148.4146,161.26906,-260.8015,1140.3627,160.77274,-260.68814,1100.9885,170.85292,113.518265,1084.0999,179.85402,-394.079,1163.3273,235.46393,-90.552,1155.3569,238.22308,-240.39693,1039.1078,417.01492,450.6115,985.3654,425.46378,-728.63104,914.8901,679.43396,535.0392,836.7548,697.1205,-845.6054,984.2262,940.0287,242.38524,937.8605,952.926,-686.88983,1021.463,1000.1908,228.03798,972.5723,1030.8405,-749.4824,1025.7498,1011.7678,161.4768,990.83997,1013.9945,-771.45734,1006.64703,996.35834,198.33098,966.20496,990.0481,-679.5525,1043.5708,1013.86127,384.9555,929.7029,1068.2745,-383.61456,1443.0602,1140.5336,660.03174,815.05237,1601.4785,-782.49884,1344.9457,1535.8756,957.5693,349.59985,1507.4313,-336.86197,1278.0011,1607.197,953.34076,284.59738,1413.9069,-289.8913,1535.3677,1687.7589,996.5628,293.23102,1714.8204,-399.4363
image132.png,786.36194,176.00943,-300.42117,790.4541,153.46922,-268.93826,794.87885,153.82118,-269.09494,799.5314,154.14218,-269.29666,772.10406,149.99715,-306.1835,763.7126,147.68257,-306.0484,755.41254,145.52484,-306.00424,783.1246,152.89061,-72.876495,722.8283,141.69444,-238.49525,779.1542,194.48602,-219.05968,757.96735,189.66849,-268.4008,799.9817,260.88132,44.081852,607.6528,236.85764,-170.03893,803.8417,410.45047,142.34286,602.52795,418.29825,-216.0593,837.15796,454.74515,-67.37723,763.34607,461.5863,-327.90674,846.20654,472.39835,-105.03126,808.9848,493.05215,-376.2794,855.20074,454.20172,-155.71385,823.6063,456.32886,-378.9822,845.82886,450.55975,-92.67216,810.2999,448.3151,-321.68774,767.1347,523.1159,-36.294567,659.0553,516.9251,36.650497,675.70435,573.51825,-557.9294,691.23785,647.29865,13.568017,636.14075,814.99475,-385.72607,821.0766,676.9555,705.53064,641.8143,848.6151,-366.9835,840.8817,673.1411,779.50116,576.03265,885.7378,-578.3613,848.7247,730.06165,736.8188
image133.png,840.1371,293.28928,-736.85626,850.9459,257.80182,-673.0743,861.2201,259.27975,-672.99744,871.9971,260.55563,-673.012,815.9797,251.66179,-730.7097,801.1231,247.83858,-730.7762,786.17395,244.23181,-730.8485,857.9834,268.0892,-299.68777,742.51984,247.33101,-550.30963,842.61304,328.87723,-587.9276,798.0694,321.04916,-661.4388,853.7148,433.394,26.893038,586.2752,420.61502,-555.3902,870.4285,669.983,114.92509,499.88666,702.6643,-572.1836,975.8724,854.8067,-226.01753,579.6363,955.4503,-613.20135,1013.04193,913.2132,-288.21732,576.8897,1031.135,-690.81104,1020.1463,911.72064,-384.26163,633.2964,1021.3936,-714.21655,995.1436,894.91724,-286.09265,636.66284,993.07,-616.4476,812.7839,851.3807,151.08247,631.83276,888.24506,-150.94417,1089.0293,998.2,-626.6825,589.11584,1280.5004,-255.04028,1049.259,1319.993,-415.67126,432.9942,1149.1495,595.8784,998.8203,1372.892,-407.40323,413.1068,1102.6195,682.64716,1182.4375,1455.0181,-646.8781,395.3696,1264.2463,645.406
image137.png,517.7675,147.17056,-269.24652,526.5061,135.68382,-241.06796,532.7663,135.04121,-240.98569,539.11176,134.27306,-240.91115,510.10565,138.86371,-234.43015,504.3438,140.10095,-234.25844,498.54327,141.45135,-234.34975,553.1816,145.37218,-105.66287,496.6172,153.9469,-65.752396,534.2018,163.20634,-220.80725,511.37823,166.80316,-208.33525,607.24097,227.21712,-67.92322,477.49402,233.94193,32.16559,668.85614,309.95038,-77.556564,437.3649,314.54413,90.17732,629.4014,399.32965,-153.97209,453.1313,379.2611,-105.22116,627.1364,423.32632,-186.06702,455.1225,408.34332,-152.36603,607.45966,409.24463,-209.97353,470.59518,392.0311,-185.50761,607.9782,399.9143,-157.72784,472.17352,383.86325,-120.20671,589.27094,421.4217,-30.563574,506.6321,412.38376,31.0255,611.2808,572.1005,-89.888466,464.35397,448.46613,-484.27847,617.31573,536.8005,448.7768,455.8539,603.23395,-334.8064,618.4284,520.3028,502.8837,466.0275,626.51495,-325.61868,605.372,577.2015,464.48898,430.65677,654.0605,-493.0247
image138.png,271.6085,73.88356,-93.069855,281.0291,64.56483,-110.84175,283.7836,64.26446,-110.869995,286.7033,63.921814,-111.00097,278.238,65.47101,-75.89928,278.97913,65.93072,-75.821144,279.7578,66.41813,-75.78659,304.5308,71.93804,-141.19456,294.7505,74.6929,16.00729,282.119,88.28325,-101.453896,278.51462,89.62852,-56.479626,350.34546,155.0695,-215.37148,293.20966,163.14508,123.49606,380.82486,264.06183,-230.50565,319.26645,276.80258,141.865,370.78537,360.99353,-232.10864,299.36023,344.59204,33.73242,377.37073,385.60092,-270.81256,295.32764,363.2381,12.916568,364.3286,387.32565,-283.17996,295.06607,356.99432,-19.08196,361.78464,380.19272,-236.43588,298.45822,349.98752,13.584837,338.84732,345.08124,-114.34046,313.24762,344.395,114.95117,226.6465,364.51184,-162.4615,332.23737,451.89728,125.00422,202.22368,522.92896,-15.011456,460.69177,411.76932,372.1106,217.32477,549.23254,1.4288149,482.61667,394.98392,399.14935,136.04662,560.2239,-56.394527,489.07608,433.21042,389.1357
image139.png,336.96765,272.2152,-95.84209,333.15118,261.53696,-81.87491,333.76773,261.25372,-81.77666,334.4806,260.93097,-81.80371,328.5532,262.07498,-106.0207,325.30792,262.019,-106.10429,322.14874,262.0236,-106.25878,324.86993,263.13605,-1.7846696,309.2171,265.29272,-106.203094,335.28287,281.1297,-63.212517,328.62457,281.69107,-93.214226,330.43616,312.0232,98.333015,301.62656,311.37854,-161.4252,402.446,310.9958,162.6352,379.6773,303.26535,-227.55063,463.74298,303.15692,119.422905,451.37604,296.12112,-209.52393,479.50708,297.34802,113.141846,467.3549,294.33398,-230.64781,475.83493,295.6168,93.39848,467.81982,291.12665,-219.97144,469.7613,299.22656,106.636246,462.043,293.27213,-203.49521,334.6393,442.2882,79.706154,326.35986,444.4427,-79.41522,331.72742,526.11,77.26312,405.32138,469.91876,-108.15658,239.29166,552.10956,166.72029,391.39218,566.33997,-27.201248,220.25871,547.47015,178.52531,374.17072,579.4284,-17.870657,227.61615,582.74475,158.12367,429.48795,597.64343,-41.44599
image14.png,157.84933,47.251198,-144.71672,152.30315,38.154713,-121.30396,153.60362,37.165363,-121.37608,155.07466,36.09204,-121.309944,144.95486,41.480915,-146.64919,141.52696,42.685246,-146.6743,138.12079,43.977528,-146.73181,148.80898,38.584583,-6.9844203,125.46719,49.5162,-118.127,159.30087,55.595333,-100.248764,151.04424,60.05305,-132.55263,168.98012,88.52411,94.827675,98.73799,108.425514,-117.296814,173.07521,141.92949,152.8194,60.739906,171.89082,-79.42968,184.71541,176.33318,25.431383,103.400345,209.3317,16.628246,189.97742,192.31822,-11.187956,112.289856,224.56255,5.509226,184.41418,187.74535,-35.570972,125.088326,215.15721,4.420556,180.79886,182.27895,7.8140883,120.79148,208.3132,19.978622,180.10118,211.42441,60.47981,128.46599,230.4686,-60.482872,239.81903,237.79846,-246.82394,116.62387,327.71548,-20.235994,229.38844,341.9235,-249.28528,50.971027,278.81827,315.56,217.48682,361.49588,-255.64224,37.179287,266.8033,351.47937,261.99942,368.596,-343.93198,52.91053,290.12042,331.6597
image140.png,538.04425,413.9028,77.08786,531.6957,404.6326,80.4145,530.1337,404.62622,80.52075,528.6183,404.6444,80.45492,531.6372,404.8677,48.976776,529.988,404.63922,49.11316,528.3035,404.4895,49.081497,517.3781,407.55908,127.85478,516.31146,406.48358,-13.323219,532.8647,422.40457,96.5812,532.7123,422.41916,55.863567,498.26105,459.32407,198.4954,510.10782,453.85028,-82.77038,501.1974,519.1248,217.90137,549.56195,491.04343,-19.08663,478.07028,535.1927,194.35545,564.09296,444.0816,177.58237,473.132,541.1981,189.56363,572.862,435.03336,197.3859,462.45917,537.39136,207.51022,561.06274,431.626,183.23624,462.75964,535.773,196.61897,554.91473,437.97925,182.65042,490.04956,575.13544,91.64899,499.06732,574.4303,-91.88365,481.8319,674.909,36.403084,585.99493,596.787,-51.355583,398.0243,670.8171,19.84431,564.1421,683.30426,-7.317717,386.81827,658.4332,21.208927,553.01306,694.5424,-2.6096394,377.36072,698.4373,3.401796,594.0037,712.92224,-15.297923
image141.png,613.9534,161.73618,-282.74326,636.2066,138.67607,-317.50604,640.64545,138.47528,-317.52725,645.1826,137.90181,-317.713,634.97815,138.66547,-244.69472,636.8458,138.7969,-244.72154,638.7794,139.20686,-244.79593,683.046,144.04393,-378.58493,675.3991,143.74298,-42.816254,633.8693,181.773,-302.24615,628.4339,182.22462,-206.06595,766.5693,278.92163,-469.38947,678.80707,285.9018,150.89813,925.4182,383.2024,-464.872,750.8859,406.80408,222.45274,850.54675,539.3912,-200.51445,727.1977,498.50464,-15.652951,834.3763,571.99194,-179.28474,722.4169,516.5395,-36.624493,808.4973,562.45355,-178.87686,711.4713,511.94385,-87.026276,824.11005,546.48,-180.77966,718.8148,506.05627,-40.94968,820.6439,588.91693,-201.46307,730.725,575.8157,201.02283,964.47644,871.7019,-373.49493,502.10147,581.67456,76.93225,1131.1696,748.22375,-19.674154,559.2096,827.9035,52.40522,1140.7283,686.14465,24.524061,593.0089,867.00836,30.483763,1176.844,825.656,-24.26147,473.5642,907.7762,-3.6103733
image142.png,138.41116,137.79614,-238.25746,147.98666,130.20276,-224.34468,152.45699,131.09958,-224.30649,157.06473,131.91867,-224.37262,136.06232,128.41621,-217.98894,131.99286,127.81751,-217.9758,127.97574,127.356544,-217.89935,165.26503,142.09772,-142.51788,125.38783,135.37431,-109.75783,146.36234,153.17152,-207.75493,130.36299,150.48009,-198.41531,193.58554,206.54977,-111.35351,87.21689,200.23549,-38.43891,261.30862,258.05478,-124.17075,53.95692,253.27516,64.12584,228.3736,310.20517,-193.32703,68.94413,320.26297,-2.7822216,220.83008,327.85596,-219.49165,71.682594,342.53464,-24.152708,207.98561,319.25015,-221.72919,85.11666,333.5476,-45.171978,210.68013,315.4891,-190.62068,87.957085,326.1027,-8.7273,172.14207,335.85046,-15.068267,116.006516,343.0654,15.426104,169.75226,351.33145,-337.98874,96.187294,443.77252,8.212167,173.86029,465.0878,-258.95996,124.78683,442.8017,360.5733,174.17699,479.69254,-250.15,131.13763,438.92914,396.11026,173.23602,504.2742,-349.06393,131.29637,468.271,379.50586
image144.png,756.33215,152.60794,-104.4849,741.5733,129.85497,-71.1049,739.2636,129.80527,-71.08778,737.2153,129.63766,-71.31565,737.95306,130.11443,-149.83966,732.0293,129.32664,-150.00552,726.1477,128.60298,-150.08914,706.8552,138.90999,89.43412,692.05945,137.49677,-253.71475,741.9269,174.9282,-38.907295,736.3234,174.14203,-137.95424,698.4234,268.57764,318.03168,643.09576,266.52716,-425.6799,675.2175,436.0544,331.7074,636.3467,446.65875,-491.3601,694.2715,584.5738,109.919464,651.1248,607.36554,-344.94717,699.4076,618.36554,90.16533,639.91565,645.52563,-385.3212,707.8912,619.66864,41.26714,658.1756,644.66974,-375.76132,697.9775,608.4568,74.112526,662.31964,628.6902,-335.02002,693.4839,561.6984,232.93102,681.4926,568.96594,-232.06569,634.40985,770.6718,321.034,880.852,618.04877,-306.8549,431.1883,822.1274,541.08905,856.7319,850.1027,-38.19805,387.44043,810.9938,562.4204,821.6829,880.9947,-12.082972,416.59024,892.3589,496.2034,945.0282,923.53815,-75.02297
image145.png,581.3218,98.29381,-250.20763,597.6365,86.04501,-240.46844,604.18604,86.79575,-240.4712,610.82935,87.509514,-240.5274,582.49646,84.17518,-217.78542,578.11035,83.57271,-217.55516,573.75256,83.099724,-217.5333,628.9086,97.56253,-139.5492,580.4501,90.2399,-36.161438,596.0861,116.86624,-212.31232,576.67255,114.20758,-182.40968,681.2017,190.11774,-153.78574,546.53577,176.52734,93.65272,666.992,313.84604,-295.81952,538.29767,301.97595,-38.722218,594.1244,247.22314,-499.68674,528.4077,236.88377,-315.03757,570.99084,240.94972,-552.14905,526.37665,218.80054,-353.55295,580.1804,218.3581,-544.18304,523.2416,198.92438,-344.55594,586.07355,222.62306,-494.97116,533.2478,206.32062,-315.70743,659.7952,388.61365,-97.74879,590.09155,379.6286,97.882935,540.49066,393.7508,-487.49908,556.8446,486.39163,79.024605,560.48206,578.63556,-297.15518,697.9986,470.7653,446.32645,580.1543,604.4733,-275.65714,720.925,454.27985,487.3452,505.36215,638.97516,-398.31348,727.3286,519.10754,456.28763
image149.png,775.5695,221.28038,-68.003845,768.6903,199.91646,-59.90011,766.28827,198.66429,-59.865025,764.0751,197.45499,-60.118904,768.6274,201.95364,-108.443146,765.29504,201.49838,-108.535385,761.8571,201.21117,-108.58036,744.00024,199.69876,35.186874,740.42426,203.91386,-175.47308,764.8988,236.4207,-28.60722,762.9647,237.77715,-90.21157,698.6413,283.1663,223.58037,720.5288,299.47937,-325.36276,753.59155,383.5664,109.77805,787.5112,404.23276,-165.37888,781.4614,310.7295,-184.79358,795.62384,318.60904,221.71323,794.01025,288.41052,-205.44778,808.95984,292.5964,241.15659,779.3358,278.0873,-181.83165,789.4234,277.6976,209.86855,771.74304,290.57907,-184.8198,779.2916,292.7509,222.59091,669.434,494.16058,184.01454,645.4574,519.7979,-184.43987,840.39435,465.42328,392.0113,593.8912,738.9624,-333.36844,777.0787,670.77313,448.38028,416.75238,672.00916,-182.441,737.9536,710.55206,440.2239,389.87906,640.2039,-164.04819,863.10767,725.97034,510.41846,397.85916,717.77686,-198.13226
image15.png,889.3339,186.37402,-17.37259,916.07416,160.00626,-92.14197,922.1643,159.76302,-91.772,929.04517,159.23134,-91.8396,912.1978,158.59856,14.2516,915.6373,157.65308,14.345424,919.00586,157.10136,14.157873,978.07996,175.16483,-239.22371,959.6806,169.55988,243.95538,912.13464,221.998,-74.47023,908.38574,220.05676,65.18953,1012.51086,358.61884,-502.5813,974.8032,366.91635,533.6188,751.0137,490.34097,-241.72086,828.1774,521.8566,330.07108,770.17365,320.8384,359.34406,802.9803,352.32526,-145.8258,748.9295,267.2755,355.1401,769.1611,292.01538,-187.6501,801.2111,279.4996,283.55228,807.27344,287.54315,-122.840416,813.78357,304.4399,350.75415,830.14276,306.2781,-145.63487,1056.1138,780.35223,-313.24835,971.099,762.4995,313.11392,1113.8191,1162.9178,-524.9803,680.4935,821.2003,363.41458,1386.1423,1029.6125,-174.53824,789.0045,1066.014,612.67914,1409.0562,984.9336,-121.14917,828.231,1121.2078,627.17804,1459.1772,1077.9121,-85.66877,677.96277,1125.0934,617.6303
image150.png,352.16364,95.38446,-81.00679,347.63373,86.47423,-71.79967,346.61005,86.15964,-71.72208,345.72955,85.87239,-71.84228,346.91772,87.11767,-96.0625,345.05835,86.910706,-96.16226,343.23013,86.72279,-96.16845,332.9984,87.848495,-26.616463,329.55127,88.55312,-132.2518,344.48352,102.96255,-61.410828,343.29108,103.25675,-92.23434,313.4849,129.521,56.95196,303.05826,142.04843,-184.0008,318.67645,185.7101,78.48311,307.22095,213.92401,-195.2987,335.3517,212.4081,30.218008,331.61438,267.97604,-178.39693,339.60358,215.35023,25.215914,333.99487,280.702,-209.14914,343.68433,212.55316,4.5309405,342.81467,278.00854,-201.04141,339.9608,213.22171,18.23448,340.17468,274.07272,-175.09866,279.56064,236.07187,70.63761,282.55542,245.60405,-70.26442,235.01639,278.53177,178.7668,367.23267,250.40538,-2.7047844,167.34088,283.31805,226.69531,343.3817,315.919,145.00238,152.8496,277.16595,231.9815,328.48422,322.67664,160.06766,164.25851,304.47006,210.71378,368.52167,342.90454,170.14813
image151.png,603.3875,112.39284,-114.00138,594.61566,99.96396,-71.217,594.4882,100.90483,-71.113754,594.5165,101.81951,-71.33729,588.3315,98.10651,-124.12514,583.5202,97.26029,-124.16313,578.68933,96.571365,-124.40144,570.9312,110.77212,101.54916,549.8798,105.42317,-132.03731,593.09076,132.33795,-53.337376,584.35944,129.9334,-120.21436,577.06836,211.5972,154.88599,466.21033,208.88243,-195.88371,589.0881,298.09387,-29.963717,441.2065,323.5797,-468.27658,624.99805,213.73749,-315.73013,443.46066,206.68942,-705.0005,644.2833,191.17876,-361.88376,437.72345,172.0515,-758.16766,641.02985,183.80739,-362.04944,432.76382,157.9268,-742.1221,628.72363,190.40756,-328.79858,440.00977,171.60858,-701.8005,578.9346,447.2611,118.82824,501.0977,468.41895,-118.35075,726.5924,462.68893,-139.68143,569.5055,549.28894,-334.33853,706.1397,624.9328,50.386505,551.9546,623.3095,115.28429,685.0807,653.32086,69.00999,536.97955,631.697,163.9204,762.4177,664.44836,7.9034452,582.69543,650.9648,111.58275
image152.png,915.6703,274.0548,-454.00522,945.1135,244.28029,-413.60776,959.3312,244.19058,-413.86536,973.894,243.60963,-413.84036,909.9367,246.83105,-388.94638,897.6198,247.41832,-388.46805,885.32056,248.41356,-388.55573,1017.1209,265.69464,-193.22221,898.4584,269.40686,-60.49347,954.0495,312.93982,-369.3651,905.53235,314.91528,-328.76007,1137.8655,470.91895,-161.14552,820.33746,476.74435,116.79676,1212.9321,700.55493,-120.32499,753.63306,689.2174,211.60712,1232.0753,944.2498,-272.78082,700.2909,858.82666,-87.90611,1253.6906,1001.6756,-332.18945,682.4594,904.8581,-125.650406,1215.4312,1006.8965,-369.4166,696.67725,901.1464,-238.97641,1192.1143,986.38684,-275.56424,716.4075,891.33453,-127.55828,1075.0096,889.4972,-106.40906,900.47504,888.336,106.29085,1150.3497,1246.1838,-41.42429,785.8117,835.51556,-989.0194,1301.7263,1077.766,1070.9333,820.2073,1223.4203,-848.2551,1320.9523,1025.0333,1190.1771,854.4465,1295.3219,-859.5381,1334.7101,1134.9521,1088.0243,737.97955,1314.7217,-1212.2626
image154.png,501.827,122.666824,-37.34287,493.67984,107.785355,-26.970356,491.6435,107.39053,-26.937033,489.74625,106.94148,-27.111822,493.07022,108.47388,-65.26069,490.1866,108.04664,-65.337,487.3024,107.79488,-65.32206,472.95895,110.50803,54.67428,469.07373,111.74031,-106.736465,494.0035,134.63045,-6.3245435,491.6708,135.00722,-54.07892,459.3989,180.35022,157.27618,463.30237,185.03305,-215.86479,521.1824,255.65901,18.557957,524.3381,254.51117,-143.59811,515.9507,202.27153,-260.1467,518.9658,189.33498,95.20865,519.14276,189.09116,-293.31705,526.7849,170.68205,105.928185,505.96,182.76413,-267.61777,510.09863,163.72466,80.04765,501.02682,191.04839,-259.2275,505.1135,175.27034,93.73753,471.7414,363.4953,111.7316,444.46375,373.27924,-111.80068,600.2287,349.2213,187.42137,366.18994,519.71063,-210.15033,611.8652,520.0001,217.31036,247.32741,519.0105,-134.19682,596.79205,555.71545,206.52365,226.64948,508.07895,-127.48328,684.86145,545.82605,205.19441,243.56778,549.703,-212.81422
image155.png,1269.968,246.12845,-152.20853,1293.1923,206.07289,-237.84122,1299.7535,203.85909,-237.37503,1306.8564,201.30766,-237.40085,1294.7795,206.31337,-120.08857,1301.575,205.08582,-120.19523,1308.2286,204.08998,-119.97211,1369.1895,206.9157,-479.90982,1366.692,207.88278,63.499496,1304.5,282.77008,-228.30138,1306.2136,284.42386,-74.943726,1490.9406,440.4844,-709.0038,1412.877,440.08188,370.21912,1508.985,762.80536,-771.75525,1424.317,752.57007,409.19177,1450.6006,1064.1001,-698.4844,1385.3558,1009.0634,219.06213,1455.2455,1130.0762,-812.0712,1370.3508,1060.2227,221.19598,1420.4493,1137.2484,-803.1078,1375.2919,1061.0688,142.19366,1419.8192,1114.8907,-693.7644,1381.5474,1040.4138,173.21547,1499.0552,1020.1909,-324.59375,1388.1183,995.7888,324.87613,1637.9832,1358.3716,-467.41046,1113.6913,1090.5409,537.103,2026.6318,1301.5966,-77.239006,1098.1732,1404.0779,641.2252,2060.897,1264.9537,-44.852074,1130.4683,1478.7935,631.3256,2146.437,1364.4742,-105.774155,937.34796,1470.8998,607.06775
image159.png,301.40378,59.008667,-223.82983,307.46326,46.860806,-216.59637,311.26782,46.18881,-216.561,315.01538,45.532265,-216.43877,297.6412,48.017723,-214.65034,294.07346,48.035778,-214.57303,290.5019,48.16428,-214.60765,322.13477,45.024498,-133.6134,287.70868,47.552265,-122.48219,309.16095,64.26095,-191.77922,296.72766,65.47985,-187.68173,347.77014,76.89204,-70.721466,269.4917,80.870804,-57.26119,390.38556,118.27432,-147.45396,239.0497,128.48727,-135.68204,404.68396,81.34724,-288.88824,214.1566,89.86553,-305.9691,412.398,66.82337,-321.64868,204.97493,80.843864,-339.56317,408.40704,58.90966,-325.53464,208.27164,71.913994,-339.14642,401.2045,66.13156,-293.8766,215.20593,77.1909,-310.61224,330.9336,188.55876,-4.214583,285.10056,185.69397,4.4799986,339.67426,278.22977,11.536858,266.73596,213.28287,-254.36615,341.991,273.62125,291.65356,276.01532,291.46066,-141.7198,339.66278,266.80084,319.39777,282.9347,299.09103,-134.5044,350.78595,298.2939,304.5611,274.27258,327.1,-226.34052
image164.png,824.8357,249.16075,-384.08505,817.97546,224.15512,-374.35733,816.4089,222.96506,-374.2018,815.1799,221.77489,-374.30914,815.15515,226.3556,-435.383,810.4294,225.543,-435.42017,805.6915,224.86421,-435.51096,784.9573,224.17488,-265.22787,773.54364,227.5414,-540.5776,806.4175,269.6869,-336.1717,800.9368,270.76987,-417.5038,712.29364,336.44144,-46.537655,700.26764,367.26596,-666.2118,696.2493,527.81024,23.070381,709.9369,560.9082,-668.7383,738.5686,700.8715,-31.585709,764.4538,742.474,-597.33545,758.6198,738.64496,-25.454277,774.88654,793.0977,-673.57153,760.986,741.5746,-76.4952,797.51843,781.30646,-681.1442,748.0628,734.0577,-56.125774,784.9504,767.94275,-595.3776,642.2307,650.6703,186.09879,589.4081,682.99506,-185.6686,849.87573,674.4222,487.47095,490.97928,852.30566,-320.67365,812.18414,865.1683,685.2174,188.96991,822.958,-208.23978,780.86945,902.20953,694.0337,139.14957,801.0457,-200.8691,894.02246,939.02966,695.7689,161.6648,888.5408,-310.91998
image166.png,468.22192,125.12839,-140.16313,482.75156,111.55608,-156.58652,487.79562,111.53517,-156.61003,493.00806,111.50433,-156.85435,473.711,111.236244,-117.45799,472.0771,111.19423,-117.41777,470.44824,111.29391,-117.57992,515.89417,117.66606,-157.31018,487.08267,115.49654,13.243348,484.99658,139.77377,-135.06456,473.12393,139.47276,-85.90829,580.5339,199.88773,-194.2947,486.21948,198.41542,107.723206,605.854,295.05566,-279.85706,508.9017,273.39423,178.98363,566.20575,275.2153,-399.70264,498.67728,292.65054,160.876,555.93024,273.92236,-450.83,497.3091,300.98978,142.37112,555.859,258.7921,-446.52704,494.88193,294.5085,120.79006,558.90784,259.69754,-399.91293,498.95154,290.50958,146.9394,583.8515,379.7356,-113.07867,539.0002,372.97476,113.47816,485.12946,389.98923,-404.2873,573.68695,498.7507,60.591686,486.27292,534.5946,-249.97829,661.83813,447.65936,362.86075,505.34738,554.7065,-231.32211,670.9754,430.94876,394.5105,424.48837,584.2017,-331.7258,681.955,469.1109,356.67984
image167.png,236.20004,141.30063,-158.6688,243.67644,130.66396,-187.64948,245.39906,129.79756,-187.63661,247.16484,128.79283,-187.58092,244.55417,133.04132,-146.19041,246.22696,134.2343,-146.11565,247.9086,135.4857,-146.0651,263.07477,133.31621,-262.56744,262.8127,141.872,-70.41969,243.60768,149.51335,-186.03052,243.68199,152.96643,-130.66711,288.4165,197.24255,-342.0437,271.86703,190.70161,36.6141,301.3281,272.70654,-372.18265,282.63943,264.99567,55.433434,286.0762,344.69553,-398.42734,279.75592,331.61215,18.851929,287.8075,357.71555,-454.07135,280.1397,346.8877,30.595741,277.89554,358.8335,-443.76898,279.65128,346.38278,-9.397291,278.47867,355.15683,-397.31418,279.93387,341.02158,1.9204818,308.57056,324.35178,-116.28129,281.70303,313.12195,116.81923,347.12238,426.72537,-191.18239,213.81589,311.58374,303.01047,430.407,398.2402,-77.73292,232.61407,390.86865,418.78217,440.74548,385.3522,-64.640274,245.57361,407.0366,426.3219,447.09668,417.75293,-78.457146,193.50221,414.28146,458.47034
image168.png,643.97144,747.01434,-299.3695,683.7352,697.3931,-396.98642,692.9116,695.80597,-396.74197,702.73944,694.0126,-397.01935,684.84686,695.6052,-258.86157,694.16895,693.9246,-259.2435,703.44226,692.3004,-259.0612,783.9476,708.61505,-655.05505,781.01074,705.46216,-17.113644,686.69965,798.6307,-379.47864,686.965,799.62476,-196.56313,880.424,1039.8717,-914.60486,862.42523,1016.392,391.51743,930.9102,1483.9319,-956.3526,930.90326,1434.4349,529.7417,852.3908,1873.6151,-759.11725,906.36725,1791.2191,342.82526,861.1831,1971.7417,-858.8436,895.3221,1885.8226,318.8537,819.18085,1975.2467,-857.2948,903.3778,1882.146,251.04181,820.61444,1937.4648,-744.46704,909.4032,1846.794,286.72504,895.55096,1761.8896,-406.77063,896.13153,1713.0826,407.11374,554.20795,1932.3083,-442.29468,890.3091,2034.6415,640.6769,887.4905,2256.03,-3.42946,1372.0386,2107.9878,754.9078,980.71796,2280.93,34.9756,1470.3298,2088.1157,755.20544,825.4682,2376.3828,-6.4078693,1447.4624,2209.6414,667.07715
image170.png,639.07336,148.17023,-301.38315,656.9339,130.63057,-294.9025,664.15906,130.34798,-294.79095,671.52075,129.85124,-294.98923,641.34674,130.5819,-262.3694,636.79205,129.78546,-262.49826,632.11945,129.22926,-262.53198,696.184,136.6317,-201.65721,645.53815,133.5996,-44.300007,659.2048,165.51363,-264.0675,637.91473,164.8854,-218.8648,738.52,226.79286,-226.15553,647.438,231.05179,196.07883,849.0955,299.58463,-204.58345,688.1126,317.83847,359.6482,773.7085,394.88666,7.552288,683.39606,394.6182,120.21914,759.4495,416.3496,22.983269,682.7189,419.88788,85.7114,743.8926,400.354,10.783969,674.7376,411.0626,40.917652,757.14056,389.81302,16.344627,677.52924,403.1151,95.398964,751.4467,478.37808,-133.83104,669.47296,472.52664,133.27293,848.9641,685.51404,-255.45663,519.97577,474.24255,-168.28378,972.9693,624.2824,146.5538,546.5711,683.3923,-173.6743,988.1995,591.6702,191.82239,575.00354,724.0574,-185.75592,991.39764,681.39954,113.50445,456.90048,731.91364,-301.06778
image22.png,486.72964,261.47733,-83.7028,496.3866,252.66356,-76.49742,499.4795,252.49843,-76.602165,502.72556,252.18024,-76.70189,489.81882,253.44289,-52.64161,488.1126,253.28384,-52.59878,486.46103,253.32394,-52.759914,519.9604,254.20927,-28.488073,500.2868,255.52899,92.75941,498.09998,270.95294,-63.730175,489.6104,271.48047,-28.759108,557.3742,310.50116,-38.275658,486.55798,315.47253,193.89545,614.84015,348.4837,-37.874615,494.94144,380.43222,305.73535,569.1772,403.20456,18.013926,497.56705,427.5694,154.65012,558.8974,414.08862,14.386167,501.69147,438.76028,142.56937,550.12134,409.9987,20.563738,496.84772,433.9313,97.91669,556.9762,404.59375,29.699282,497.29886,431.66086,138.76161,545.4523,445.81094,-74.88231,496.40173,445.77313,74.32402,593.3259,555.5657,-62.60057,425.88223,430.2437,-288.02454,661.67957,530.36597,269.15222,419.1524,562.7859,-320.79822,674.4321,514.5345,303.12665,427.28452,588.16766,-335.6113,665.0828,556.77625,202.3999,379.80896,581.0874,-479.32367
image24.png,1386.1262,739.2688,-142.95746,1374.858,713.21106,-119.113495,1372.0013,710.84924,-119.268196,1369.4452,708.4623,-119.461075,1373.6299,717.5035,-194.83556,1369.2571,717.1643,-194.81943,1364.6747,716.9845,-195.00786,1339.9343,708.43835,25.551046,1332.6727,720.04016,-305.77588,1370.1337,757.6715,-82.47657,1367.147,761.7185,-179.3215,1271.7886,829.8362,280.98975,1275.7347,840.4518,-508.67773,1200.2976,977.3077,421.075,1206.5132,982.2458,-583.08984,1239.6521,1095.6432,312.96405,1249.2494,1108.733,-412.79086,1260.9327,1125.4839,329.2986,1257.605,1147.3353,-430.77625,1264.7731,1130.425,282.40363,1272.3448,1138.6716,-439.99222,1254.7328,1123.5377,285.9201,1264.125,1128.2255,-402.54358,1269.5339,1166.6003,255.10771,1228.4517,1198.838,-254.67618,1483.8431,1201.4092,526.14825,1214.291,1479.6018,-455.32712,1426.4287,1421.2104,683.0713,966.46515,1422.2068,-212.81485,1386.1774,1468.2994,681.07666,935.5952,1381.533,-185.7781,1537.7083,1502.8737,733.91064,907.9997,1522.4478,-199.44826
image28.png,372.35953,239.115,-2.2482047,360.68427,226.26631,15.448317,357.96506,225.97316,15.433536,355.38235,225.64493,15.305051,361.47852,227.93015,-36.89056,359.16467,228.23642,-36.918148,356.81326,228.58597,-37.0229,336.4414,232.23944,101.41671,338.89673,236.06145,-129.1275,364.76794,252.47487,35.52418,365.2382,254.20415,-32.476433,311.06396,315.02835,223.65358,324.36307,313.6634,-271.2418,312.34448,422.16782,254.55002,348.14474,424.17722,-299.45734,343.96683,501.84042,132.0675,371.74384,524.66675,-235.8206,354.80362,523.0119,134.21268,374.62973,555.19464,-263.88388,358.10657,524.1622,100.41243,385.15707,553.52216,-263.87534,352.75717,518.3452,113.19617,381.1421,545.0994,-229.77931,324.00647,508.896,136.29475,301.7719,519.7246,-135.92601,449.45657,566.347,78.25143,224.2105,660.31604,-235.37254,447.51575,667.1524,178.6255,90.65303,669.35815,-115.247925,438.28687,685.92224,181.17352,71.24326,656.8214,-105.496765,500.20538,692.3121,151.5831,73.86129,713.09143,-183.19022
image3.png,355.62192,188.45465,-479.1643,364.40967,176.2024,-444.93826,370.04846,176.22119,-445.15744,375.74677,176.10074,-445.12225,348.5088,176.3763,-447.53186,342.82965,176.3059,-447.2881,337.10184,176.30496,-447.19632,382.74512,182.92114,-271.56287,330.30045,181.62338,-277.40613,365.5615,202.64981,-417.7733,345.16574,202.83571,-418.813,421.93903,264.02463,-172.2437,291.58102,261.97037,-206.56227,433.94507,368.09372,-98.19057,283.25778,364.44577,-217.54034,431.29913,470.8124,-167.15524,260.9011,453.91388,-319.51123,440.23325,491.59515,-189.4348,252.0422,477.5685,-339.18167,434.76495,495.54266,-231.85811,250.58516,479.01672,-394.26685,426.02762,490.60474,-185.46205,260.50613,473.6854,-345.86557,383.92944,433.85336,14.564596,304.59885,427.30554,-14.205541,385.26303,588.7793,-114.60309,300.85873,489.42358,-540.42706,391.5968,522.64197,501.20782,310.72266,628.7153,-233.25076,392.5757,496.51108,565.7086,316.5381,647.7674,-204.98262,385.2981,570.5129,550.61523,301.47662,683.16583,-375.0563
image30.png,809.96844,107.68516,-111.531425,801.0896,89.23867,-87.89963,799.014,88.09473,-87.79983,797.1532,86.8331,-87.83588,799.01855,91.17299,-140.45624,795.3238,90.506676,-140.50644,791.5742,89.980064,-140.41382,775.03906,90.17246,15.921632,765.77747,95.12877,-206.05994,797.6838,123.86128,-70.272285,793.62964,125.745575,-135.79309,740.8196,191.63356,135.62094,714.1677,193.69943,-326.4518,698.57477,305.31778,151.72827,619.258,283.30573,-434.04874,728.6504,414.1985,20.080242,702.89935,410.00287,-345.441,744.0272,440.96625,21.315924,728.9878,452.77213,-352.19174,747.9134,443.1201,-7.24585,744.0971,440.0803,-343.80713,740.30365,437.17975,2.092535,727.9453,429.04175,-332.25375,756.84985,451.97217,139.97159,699.78204,474.91187,-140.13853,934.111,504.05927,67.88111,558.1586,640.3269,-200.47388,934.846,685.38464,126.56149,352.7156,624.66473,-52.573956,916.34174,712.8584,123.7638,317.0957,596.4509,-37.300842,1016.51166,746.3694,84.76309,347.84283,693.6727,-134.86511
image31.png,514.5405,90.74943,-70.50732,521.3496,74.8142,-85.624954,524.8279,72.658646,-85.54375,528.41724,70.46507,-85.74868,515.7542,79.16966,-49.70867,515.21985,80.18258,-49.622383,514.6932,81.3048,-49.635902,548.60175,66.993866,-91.2158,530.58685,79.72291,72.61436,530.90234,95.80437,-68.48259,524.48193,101.01561,-21.092693,610.89026,120.07325,-150.23442,545.71497,141.60927,158.98401,616.23535,213.27113,-189.92377,567.9152,225.30736,104.309105,528.51276,206.69138,-163.81326,532.83276,231.84508,-78.5596,504.60913,212.91019,-177.62086,524.3056,237.88947,-112.06729,504.12244,196.28613,-181.405,520.3542,228.286,-120.937096,511.9881,195.72926,-160.05827,527.5038,224.93718,-91.95934,624.8476,309.56747,-104.39927,591.6755,310.39407,104.58824,499.79022,329.23636,-199.28293,623.03735,428.2128,37.673885,537.201,466.84747,-20.050755,719.22797,377.41266,273.1358,559.78735,480.54565,2.6632755,724.5366,357.3893,298.62482,490.78546,529.2993,-28.46293,763.63605,408.3847,284.46436
image32.png,885.14014,302.41354,-202.52531,880.6622,276.14743,-157.86604,883.0282,275.79572,-157.71017,885.68524,275.405,-158.11955,864.2816,275.72226,-214.69868,854.83704,274.12033,-214.4537,845.521,272.7459,-214.46852,855.6262,279.29135,72.52568,802.9483,278.036,-178.47514,874.35803,326.01675,-115.42486,852.2731,324.56995,-186.27457,830.3776,400.6196,347.25528,703.7432,410.3769,-277.17682,875.5135,460.20636,797.15906,608.02985,516.13007,-731.33655,918.70514,414.8813,1068.1578,641.30475,388.6268,-1144.1902,940.67053,400.43845,1101.3679,633.0494,356.0609,-1213.8599,918.29846,393.0708,1088.5079,643.19275,339.4147,-1211.9958,909.30475,402.84995,1063.9275,649.3159,360.54666,-1150.1826,746.8502,764.6554,233.45175,709.91895,753.30896,-233.69415,593.948,1000.9675,177.42397,948.92725,758.63763,-480.614,354.33966,991.65875,422.75037,965.8238,1025.3345,-463.76422,307.4439,975.202,450.53412,921.09766,1075.0773,-465.9988,328.81903,1038.7115,381.0684,1135.9651,1090.6136,-594.47424
image33.png,636.20105,221.68309,-148.53299,634.90717,211.85472,-130.79736,636.3878,211.19202,-130.8485,638.0605,210.50539,-130.84386,627.97296,213.6113,-153.11417,624.7645,213.90727,-153.14351,621.5329,214.26149,-153.2507,634.724,213.28616,-36.771,612.09064,217.90768,-132.52805,637.8581,230.79625,-112.89966,629.2301,233.05806,-140.4358,641.7844,267.1497,91.94896,585.69336,272.35458,-188.98978,633.39386,323.5161,154.96472,530.30286,334.40463,-177.80246,649.7106,368.26517,72.2879,569.38513,380.12656,-111.27912,655.3775,383.08908,58.03271,580.6915,395.08145,-122.3574,652.84357,378.56125,35.633522,590.5002,384.86255,-124.948,649.1255,373.86423,58.0395,585.6126,380.1082,-106.87913,634.0515,394.09344,93.38369,586.96814,406.76862,-93.35073,711.8796,409.72995,-4.983437,591.5464,515.4257,-143.50003,674.0714,496.91147,-7.5394306,504.77316,469.10876,60.35229,655.48755,515.7284,-13.2619295,491.26154,451.1539,84.76537,713.41077,528.7707,-29.428831,486.7234,501.84427,96.75843
image35.png,358.32983,115.38271,399.33636,355.62576,87.68976,391.28006,360.53635,82.537605,391.31805,365.48743,77.21391,390.9158,346.68646,97.15671,432.0273,344.5085,99.0071,431.92905,342.34747,101.10195,431.53217,388.12576,65.28788,362.77527,356.43518,95.506195,534.64484,384.79443,117.37987,391.25186,372.77957,129.0808,442.1667,508.48376,117.123344,195.93973,393.0403,170.11615,592.07043,572.32043,245.67848,132.66382,388.20978,216.34637,613.4768,480.65973,113.268394,323.43384,358.9685,102.483345,676.4679,454.30862,76.71123,324.02408,356.58505,74.41326,669.06116,463.46918,62.137913,351.50342,351.0059,63.133595,681.4999,468.69202,76.90314,337.8905,357.19513,70.63908,673.1491,580.4725,388.64584,-218.61984,545.3506,436.93863,218.52164,294.3114,467.70734,-322.83908,626.28204,655.5435,16.46344,352.75006,732.1775,-189.50766,834.44055,673.39624,358.85968,395.00977,774.65497,-171.13539,863.37354,654.7362,401.21844,264.52023,842.4338,-274.4768,891.69653,781.4635,389.41327
image38.png,1376.4397,235.78276,-171.16788,1357.2689,199.32935,-129.4324,1353.6705,197.8822,-129.26611,1350.4388,196.37114,-129.3919,1353.6779,202.19954,-234.27968,1346.0082,201.61034,-234.45943,1338.19,201.2833,-234.87924,1304.7606,207.28635,94.353294,1285.6078,215.40482,-360.8751,1353.987,270.76636,-79.18666,1344.7002,273.258,-213.7555,1248.0924,417.6986,369.38644,1195.1665,423.95184,-668.4793,1303.8912,694.76404,346.4241,1302.9183,721.70544,-634.7521,1435.8195,810.831,-105.162415,1463.6207,844.1085,-297.2447,1478.9692,845.1969,-178.87965,1509.7722,882.0202,-338.5562,1473.569,823.15894,-229.26462,1517.1658,851.6191,-364.458,1449.8662,817.4776,-148.63972,1487.7347,844.1948,-290.90588,1218.5219,920.1634,286.07758,1116.5035,959.67535,-285.77225,1537.8018,955.9209,279.5787,880.21094,1293.8436,-465.1929,1448.8124,1295.1053,556.7328,484.3427,1216.2936,-163.57236,1384.7183,1351.8241,559.74646,429.2563,1178.3038,-141.86264,1592.103,1425.0505,496.6421,417.07343,1285.9154,-330.3157
image39.png,600.76733,206.61374,-49.46106,592.87354,193.85738,-26.879568,591.1824,193.82059,-26.982893,589.6452,193.76953,-27.159365,591.6505,193.61139,-66.51144,588.9396,192.72005,-66.51424,586.29553,191.91449,-66.60989,574.15814,196.66096,70.290184,568.4899,193.93971,-102.29749,592.2515,218.32085,-10.602516,590.59247,217.49283,-60.90189,570.8742,275.43283,196.97813,525.822,268.73053,-185.61429,613.4192,327.99734,178.92352,498.24417,381.59375,-247.04727,605.3776,270.95712,64.47609,497.04996,483.01218,-195.22113,604.58795,249.798,52.534546,490.68808,506.1394,-209.03702,594.6797,240.68202,57.347404,498.97324,504.47186,-210.69096,593.97015,248.34065,60.987198,503.10474,496.8052,-191.52342,519.3907,454.76147,124.173164,517.69946,448.7059,-123.75178,445.2339,575.34375,109.362,689.47437,434.09717,-110.85029,338.4648,580.1136,157.5702,664.1904,599.11237,-6.7088265,323.43408,566.89746,161.94879,641.5981,629.6043,1.842619,299.65402,614.50543,113.52274,712.6481,633.8298,5.7856297
image4.png,247.61868,72.73967,-64.19882,241.71132,67.01149,-40.75556,241.33646,66.910904,-40.846836,241.12157,66.73127,-40.861164,238.43462,68.50181,-71.28218,236.05498,69.05284,-71.22909,233.60805,69.689,-71.18198,234.08578,72.49345,49.623795,223.17453,75.7979,-81.92529,246.99605,81.43596,-31.176203,242.94948,82.92153,-69.57074,237.18372,124.76172,138.68236,204.06825,123.98904,-155.21275,218.32507,169.60213,184.99112,159.02252,173.97682,-142.65192,223.74405,212.39598,80.676285,193.49959,217.093,-55.695187,226.20432,222.4027,64.11233,206.04541,227.41907,-61.903008,227.1131,222.85962,50.85822,208.29645,218.68495,-68.31408,225.16278,219.2695,69.810425,202.66943,214.9443,-52.107494,235.12337,236.1743,99.38769,203.85648,243.18181,-98.85147,315.31848,264.55777,18.15951,185.10973,335.27957,-129.16623,284.3595,344.8907,26.851479,105.51186,301.2867,56.06267,267.83942,360.21265,19.291367,94.15335,282.2677,77.10017,325.3712,374.427,-9.626413,92.719734,336.84207,54.56147
image40.jpg,192.82607,68.34696,-81.10384,191.53621,57.98282,-65.08998,192.97267,57.65539,-65.21956,194.51599,57.264713,-65.25591,185.1875,58.552513,-80.32234,181.82744,58.422615,-80.1916,178.50398,58.372528,-80.19459,189.5223,61.377068,13.734614,166.73604,63.067833,-55.351494,193.01659,78.440605,-53.166733,183.69131,79.21329,-72.37655,207.82977,123.16709,71.57044,132.26747,119.003006,-79.348114,214.60736,186.70256,78.50447,79.31217,174.17555,-112.489136,220.64368,217.41594,-78.94193,130.48128,219.49911,-130.95207,222.2829,227.3626,-115.7874,143.04501,228.59358,-150.45016,218.6458,219.9975,-126.02809,148.71573,214.42624,-152.0459,213.94887,215.87363,-88.01341,142.11436,212.53104,-128.3011,188.9924,252.77084,66.90135,150.6917,253.4879,-66.44689,194.57057,339.76788,84.614204,230.76974,298.5142,-198.15257,128.10445,367.90427,274.0835,244.60458,407.2313,-164.99759,108.68168,370.26108,291.13107,229.34966,426.58185,-165.08649,133.49684,390.0062,260.522,301.5395,432.5233,-252.85388
image41.png,1089.094,409.09747,27.93821,1073.2231,381.8087,37.42989,1069.1206,379.92307,36.95766,1065.3098,377.76556,37.937935,1073.1683,385.46143,-37.785965,1068.7588,385.52628,-38.235203,1064.1582,385.84607,-38.44735,1036.8594,383.35443,180.01997,1032.0762,393.7246,-194.3512,1073.807,429.49985,86.00738,1072.6104,434.56332,-16.185955,1007.7405,513.7013,440.90106,990.89294,522.52966,-396.68066,1060.1731,669.8593,326.41727,1053.0781,703.71063,-131.86482,1098.1906,590.7037,-169.51561,1101.7107,556.23755,283.17062,1136.2676,569.463,-238.61281,1124.557,511.42062,266.51706,1096.069,547.2703,-226.76614,1087.2303,483.17633,206.3043,1083.9918,554.843,-188.39247,1068.9554,504.43292,267.76056,1015.94305,815.6601,257.56384,961.60345,840.54504,-258.68753,1221.7518,887.9711,173.18053,891.67456,1062.2487,-397.51443,1200.3158,1099.1097,305.74872,615.6866,1085.4777,-269.42032,1169.9531,1148.0778,287.5067,583.7061,1065.4806,-266.02472,1314.4595,1156.9432,222.66618,567.2542,1146.3973,-422.17087
image46.png,661.57806,275.7307,-388.2258,655.3115,252.48969,-334.16846,660.81824,252.96121,-334.31946,666.83405,253.33723,-334.5059,632.9375,252.97618,-384.6413,621.7039,253.43854,-385.15305,610.50574,254.2514,-385.4053,653.2654,270.92276,-42.336613,577.13544,273.75403,-265.1475,666.3384,311.87833,-279.91388,637.67303,312.99963,-344.22482,720.99445,448.40063,167.63339,476.2287,456.76614,-250.92648,826.4422,649.13715,-89.26398,445.6754,700.95233,-581.37646,779.9771,520.5235,-634.4066,589.1388,536.44934,-956.34393,769.4702,496.65045,-729.43805,633.0808,495.80698,-1018.6505,753.1033,468.7594,-680.0088,625.11255,450.97723,-985.3507,746.1348,482.73724,-628.0501,619.8493,472.97073,-935.56067,695.2703,824.9011,128.08882,537.2493,847.5616,-127.80717,842.68396,873.9994,-643.19,464.3846,1164.2295,21.685204,766.00543,1212.8536,-341.5741,364.10715,998.6818,985.691,711.60095,1267.1418,-320.09265,338.7917,963.5281,1090.0908,866.6656,1303.6086,-582.08655,390.94003,1021.1778,1044.5009
image5.png,1089.094,409.09747,27.93821,1073.2231,381.8087,37.42989,1069.1206,379.92307,36.95766,1065.3098,377.76556,37.937935,1073.1683,385.46143,-37.785965,1068.7588,385.52628,-38.235203,1064.1582,385.84607,-38.44735,1036.8594,383.35443,180.01997,1032.0762,393.7246,-194.3512,1073.807,429.49985,86.00738,1072.6104,434.56332,-16.185955,1007.7405,513.7013,440.90106,990.89294,522.52966,-396.68066,1060.1731,669.8593,326.41727,1053.0781,703.71063,-131.86482,1098.1906,590.7037,-169.51561,1101.7107,556.23755,283.17062,1136.2676,569.463,-238.61281,1124.557,511.42062,266.51706,1096.069,547.2703,-226.76614,1087.2303,483.17633,206.3043,1083.9918,554.843,-188.39247,1068.9554,504.43292,267.76056,1015.94305,815.6601,257.56384,961.60345,840.54504,-258.68753,1221.7518,887.9711,173.18053,891.67456,1062.2487,-397.51443,1200.3158,1099.1097,305.74872,615.6866,1085.4777,-269.42032,1169.9531,1148.0778,287.5067,583.7061,1065.4806,-266.02472,1314.4595,1156.9432,222.66618,567.2542,1146.3973,-422.17087
image50.png,889.3339,186.37402,-17.37259,916.07416,160.00626,-92.14197,922.1643,159.76302,-91.772,929.04517,159.23134,-91.8396,912.1978,158.59856,14.2516,915.6373,157.65308,14.345424,919.00586,157.10136,14.157873,978.07996,175.16483,-239.22371,959.6806,169.55988,243.95538,912.13464,221.998,-74.47023,908.38574,220.05676,65.18953,1012.51086,358.61884,-502.5813,974.8032,366.91635,533.6188,751.0137,490.34097,-241.72086,828.1774,521.8566,330.07108,770.17365,320.8384,359.34406,802.9803,352.32526,-145.8258,748.9295,267.2755,355.1401,769.1611,292.01538,-187.6501,801.2111,279.4996,283.55228,807.27344,287.54315,-122.840416,813.78357,304.4399,350.75415,830.14276,306.2781,-145.63487,1056.1138,780.35223,-313.24835,971.099,762.4995,313.11392,1113.8191,1162.9178,-524.9803,680.4935,821.2003,363.41458,1386.1423,1029.6125,-174.53824,789.0045,1066.014,612.67914,1409.0562,984.9336,-121.14917,828.231,1121.2078,627.17804,1459.1772,1077.9121,-85.66877,677.96277,1125.0934,617.6303
image53.png,519.64685,160.2523,-207.17554,533.713,144.77757,-221.74388,538.6039,143.8472,-221.73439,543.66724,142.79218,-221.82068,526.59467,145.32138,-177.13899,525.9039,145.1152,-177.16618,525.1694,144.98341,-177.08505,569.9416,144.20918,-236.72742,546.6765,145.86986,-39.02804,538.1157,173.85376,-210.85725,528.6918,174.85983,-153.58788,625.77374,229.45473,-316.55933,575.5571,235.75462,113.951645,638.88324,360.32776,-351.76736,561.9881,353.3392,137.98874,611.9972,487.07175,-355.2018,518.7549,448.62057,71.51991,616.8304,516.831,-404.92093,503.24188,470.3728,70.04788,598.05396,523.18866,-410.65628,504.7874,470.0338,31.703405,597.80475,515.29083,-355.2298,515.1305,464.7829,49.47206,659.29504,441.3113,-144.60677,637.8427,431.29227,145.0494,544.926,479.82358,-141.66106,615.46985,560.1789,185.88434,611.17065,605.4824,11.205052,696.9294,576.04626,258.24487,643.0092,623.3652,26.517738,723.4761,569.93243,269.0938,548.96436,642.7486,-8.368444,669.9492,605.30634,241.00827
image57.png,639.9456,87.30371,-358.17633,643.2637,73.19929,-343.98154,646.9916,72.76294,-343.90985,650.7919,72.28146,-343.9051,631.855,73.407486,-353.63852,627.123,72.929146,-353.51797,622.43536,72.50986,-353.5354,649.9514,72.56402,-224.98346,611.7014,72.63194,-264.94717,644.1581,94.79846,-309.36615,629.4345,94.86383,-320.3001,666.75354,121.342255,-93.89285,575.76434,123.586494,-220.17606,685.4821,198.95276,-192.55325,563.5161,215.69954,-323.956,678.2173,193.11708,-462.5689,625.7366,190.78612,-509.16568,674.9822,192.97058,-513.4356,647.7089,188.11165,-558.502,673.93854,179.77348,-513.44354,643.722,170.28041,-549.3536,669.50604,179.29416,-468.7617,639.90625,171.4721,-506.57007,627.0628,250.2417,61.068546,585.3923,249.2648,-60.875088,608.86176,366.59988,17.880629,656.1847,309.81934,-252.23267,525.47986,359.2062,304.37698,668.9495,405.33966,-24.72704,511.7985,349.52374,333.8772,659.90424,416.13113,-3.8186727,509.94876,387.0354,298.88776,704.5752,441.4912,-88.68137
image58.png,1386.1262,739.2688,-142.95746,1374.858,713.21106,-119.113495,1372.0013,710.84924,-119.268196,1369.4452,708.4623,-119.461075,1373.6299,717.5035,-194.83556,1369.2571,717.1643,-194.81943,1364.6747,716.9845,-195.00786,1339.9343,708.43835,25.551046,1332.6727,720.04016,-305.77588,1370.1337,757.6715,-82.47657,1367.147,761.7185,-179.3215,1271.7886,829.8362,280.98975,1275.7347,840.4518,-508.67773,1200.2976,977.3077,421.075,1206.5132,982.2458,-583.08984,1239.6521,1095.6432,312.96405,1249.2494,1108.733,-412.79086,1260.9327,1125.4839,329.2986,1257.605,1147.3353,-430.77625,1264.7731,1130.425,282.40363,1272.3448,1138.6716,-439.99222,1254.7328,1123.5377,285.9201,1264.125,1128.2255,-402.54358,1269.5339,1166.6003,255.10771,1228.4517,1198.838,-254.67618,1483.8431,1201.4092,526.14825,1214.291,1479.6018,-455.32712,1426.4287,1421.2104,683.0713,966.46515,1422.2068,-212.81485,1386.1774,1468.2994,681.07666,935.5952,1381.533,-185.7781,1537.7083,1502.8737,733.91064,907.9997,1522.4478,-199.44826
image6.png,1376.4397,235.78276,-171.16788,1357.2689,199.32935,-129.4324,1353.6705,197.8822,-129.26611,1350.4388,196.37114,-129.3919,1353.6779,202.19954,-234.27968,1346.0082,201.61034,-234.45943,1338.19,201.2833,-234.87924,1304.7606,207.28635,94.353294,1285.6078,215.40482,-360.8751,1353.987,270.76636,-79.18666,1344.7002,273.258,-213.7555,1248.0924,417.6986,369.38644,1195.1665,423.95184,-668.4793,1303.8912,694.76404,346.4241,1302.9183,721.70544,-634.7521,1435.8195,810.831,-105.162415,1463.6207,844.1085,-297.2447,1478.9692,845.1969,-178.87965,1509.7722,882.0202,-338.5562,1473.569,823.15894,-229.26462,1517.1658,851.6191,-364.458,1449.8662,817.4776,-148.63972,1487.7347,844.1948,-290.90588,1218.5219,920.1634,286.07758,1116.5035,959.67535,-285.77225,1537.8018,955.9209,279.5787,880.21094,1293.8436,-465.1929,1448.8124,1295.1053,556.7328,484.3427,1216.2936,-163.57236,1384.7183,1351.8241,559.74646,429.2563,1178.3038,-141.86264,1592.103,1425.0505,496.6421,417.07343,1285.9154,-330.3157
image60.png,885.14014,302.41354,-202.52531,880.6622,276.14743,-157.86604,883.0282,275.79572,-157.71017,885.68524,275.405,-158.11955,864.2816,275.72226,-214.69868,854.83704,274.12033,-214.4537,845.521,272.7459,-214.46852,855.6262,279.29135,72.52568,802.9483,278.036,-178.47514,874.35803,326.01675,-115.42486,852.2731,324.56995,-186.27457,830.3776,400.6196,347.25528,703.7432,410.3769,-277.17682,875.5135,460.20636,797.15906,608.02985,516.13007,-731.33655,918.70514,414.8813,1068.1578,641.30475,388.6268,-1144.1902,940.67053,400.43845,1101.3679,633.0494,356.0609,-1213.8599,918.29846,393.0708,1088.5079,643.19275,339.4147,-1211.9958,909.30475,402.84995,1063.9275,649.3159,360.54666,-1150.1826,746.8502,764.6554,233.45175,709.91895,753.30896,-233.69415,593.948,1000.9675,177.42397,948.92725,758.63763,-480.614,354.33966,991.65875,422.75037,965.8238,1025.3345,-463.76422,307.4439,975.202,450.53412,921.09766,1075.0773,-465.9988,328.81903,1038.7115,381.0684,1135.9651,1090.6136,-594.47424
image62.png,1158.9207,506.6311,101.3235,1138.6887,490.46014,148.36906,1133.6454,490.28915,148.23842,1128.6987,489.99887,148.25194,1140.9956,492.07935,53.057926,1137.7864,492.3434,53.040703,1134.4712,492.77847,52.996773,1100.8821,501.8284,307.37396,1106.2899,505.6117,-117.22969,1146.4774,530.35254,163.20065,1148.6165,532.5288,40.320553,1056.7324,629.4156,485.6922,1071.4965,612.7428,-390.67947,966.3302,737.4125,689.79144,1000.58685,718.343,-591.9996,1036.6248,842.6059,697.3436,1056.117,842.3293,-482.01068,1059.7278,866.94586,737.2471,1056.3069,877.6497,-506.7318,1061.1165,876.55884,673.6059,1083.3502,873.2564,-484.28806,1055.4603,871.20026,668.112,1075.1499,864.3844,-461.66232,1082.1396,929.18256,251.27203,1050.5906,938.6082,-250.33794,1261.2593,1022.4107,172.66684,929.627,1135.0198,-390.64993,1246.1173,1211.0165,290.9461,688.0512,1126.3777,-306.04,1218.8965,1246.817,289.43945,649.40344,1115.4902,-296.13754,1337.0905,1266.6653,233.7447,656.90875,1171.3422,-372.46976
image64.png,486.72964,261.47733,-83.7028,496.3866,252.66356,-76.49742,499.4795,252.49843,-76.602165,502.72556,252.18024,-76.70189,489.81882,253.44289,-52.64161,488.1126,253.28384,-52.59878,486.46103,253.32394,-52.759914,519.9604,254.20927,-28.488073,500.2868,255.52899,92.75941,498.09998,270.95294,-63.730175,489.6104,271.48047,-28.759108,557.3742,310.50116,-38.275658,486.55798,315.47253,193.89545,614.84015,348.4837,-37.874615,494.94144,380.43222,305.73535,569.1772,403.20456,18.013926,497.56705,427.5694,154.65012,558.8974,414.08862,14.386167,501.69147,438.76028,142.56937,550.12134,409.9987,20.563738,496.84772,433.9313,97.91669,556.9762,404.59375,29.699282,497.29886,431.66086,138.76161,545.4523,445.81094,-74.88231,496.40173,445.77313,74.32402,593.3259,555.5657,-62.60057,425.88223,430.2437,-288.02454,661.67957,530.36597,269.15222,419.1524,562.7859,-320.79822,674.4321,514.5345,303.12665,427.28452,588.16766,-335.6113,665.0828,556.77625,202.3999,379.80896,581.0874,-479.32367
image66.png,271.39163,106.952896,-259.76532,282.31335,92.33501,-273.45322,286.9869,92.04809,-273.39465,291.7478,91.6236,-273.52148,274.7092,91.87525,-243.8937,273.03128,91.37287,-243.86171,271.29156,91.014786,-243.74077,312.22418,95.73173,-275.1941,284.90216,94.1136,-147.06653,286.89343,120.565994,-257.86658,275.7213,120.22238,-220.58,374.39172,168.72835,-320.86682,284.94986,169.05946,-22.07452,386.20792,286.21152,-338.62595,304.76794,257.84537,80.07455,375.33588,402.46155,-330.80432,300.36707,314.7076,97.53374,384.64008,432.10794,-359.161,299.06308,331.16452,114.10327,366.17953,438.94656,-367.96332,296.72964,330.6142,77.79141,361.42487,429.29758,-330.95157,302.55347,325.1211,85.52361,410.42117,339.26764,-67.186714,353.5605,339.56195,67.53673,449.7008,424.18552,22.0931,299.7838,370.14017,-127.19625,502.29593,443.35516,277.8496,382.53662,459.90073,-145.32135,514.10236,441.7248,302.0111,404.1569,468.65768,-148.46468,492.66174,475.10385,232.07501,373.46838,496.8191,-234.9302
image69.png,710.8617,115.90523,-115.31292,703.5811,101.04538,-96.38314,702.51965,101.65871,-96.44731,701.69403,102.20475,-96.51328,700.0961,99.35187,-147.84923,695.8589,97.926285,-147.74101,691.6939,96.61282,-147.68468,679.66486,109.27071,10.734375,665.12225,101.85915,-207.64384,697.1746,134.36688,-70.26739,692.0174,131.41379,-134.09514,646.7909,207.67235,169.2093,614.8566,190.67654,-301.4929,587.40295,294.9537,258.57455,531.8153,263.52405,-352.0004,592.0604,372.96478,220.42523,585.3272,367.5238,-134.2629,593.2118,387.28485,211.93127,591.6974,393.372,-135.23553,599.8787,389.62933,186.26813,604.0634,387.35138,-128.95396,599.0507,384.63815,202.02141,597.8557,377.31082,-123.94851,594.2309,445.39175,159.04512,599.62756,446.40027,-158.32239,452.20282,591.84686,186.20178,769.8251,493.36215,-141.14725,311.50647,648.1026,235.63878,732.73395,669.409,-14.659734,281.83063,648.6854,241.24858,695.522,690.0408,2.2873318,296.6542,696.8239,183.3409,804.24866,741.44965,2.4272966
image7.png,600.76733,206.61374,-49.46106,592.87354,193.85738,-26.879568,591.1824,193.82059,-26.982893,589.6452,193.76953,-27.159365,591.6505,193.61139,-66.51144,588.9396,192.72005,-66.51424,586.29553,191.91449,-66.60989,574.15814,196.66096,70.290184,568.4899,193.93971,-102.29749,592.2515,218.32085,-10.602516,590.59247,217.49283,-60.90189,570.8742,275.43283,196.97813,525.822,268.73053,-185.61429,613.4192,327.99734,178.92352,498.24417,381.59375,-247.04727,605.3776,270.95712,64.47609,497.04996,483.01218,-195.22113,604.58795,249.798,52.534546,490.68808,506.1394,-209.03702,594.6797,240.68202,57.347404,498.97324,504.47186,-210.69096,593.97015,248.34065,60.987198,503.10474,496.8052,-191.52342,519.3907,454.76147,124.173164,517.69946,448.7059,-123.75178,445.2339,575.34375,109.362,689.47437,434.09717,-110.85029,338.4648,580.1136,157.5702,664.1904,599.11237,-6.7088265,323.43408,566.89746,161.94879,641.5981,629.6043,1.842619,299.65402,614.50543,113.52274,712.6481,633.8298,5.7856297
image73.png,358.19955,209.86383,-48.786133,351.58252,202.92001,-31.163492,350.56134,202.67407,-31.107038,349.61438,202.37926,-31.116457,349.96234,203.78023,-62.44085,347.89737,203.79124,-62.45555,345.78546,203.87787,-62.443165,338.72537,206.53241,40.299236,332.69864,208.82959,-94.82273,353.908,218.86447,-21.760109,351.4714,219.86736,-61.33679,329.76816,259.6878,113.618576,309.97025,257.30386,-176.4608,301.16235,311.88663,116.874954,264.29175,308.17935,-230.30255,314.25125,360.12167,25.705894,305.67032,363.69833,-195.46275,321.07846,371.68158,19.521233,315.47354,380.19064,-209.50954,323.75876,373.27405,1.3121779,325.9395,375.37582,-205.66556,321.3112,370.51035,12.887462,319.3762,371.0926,-190.25395,335.95425,379.80627,87.40591,306.50607,388.80524,-87.38397,413.2477,399.59204,41.00563,248.61276,476.70807,-142.10965,414.0624,493.011,67.19494,146.7744,472.16632,-111.07601,404.9884,507.7213,64.26818,127.3036,459.46048,-106.21022,455.027,520.8163,44.399975,145.48105,505.25357,-150.6124
image74.png,755.01776,299.35834,35.37475,742.67786,285.2471,48.95621,739.09595,285.6209,48.99628,735.5915,285.92276,48.776314,745.71075,287.01065,-7.7546062,743.47595,287.57642,-7.7582555,741.0048,288.2523,-7.8745146,713.52686,300.93878,128.34415,719.4864,303.1172,-118.32042,745.75903,321.40332,72.82734,747.3941,322.2065,1.3833965,664.0172,417.1625,313.5691,703.5064,402.82593,-265.48212,734.5335,491.58945,466.59445,810.1038,503.9632,-119.60275,780.5892,423.0026,611.0429,826.0403,407.40857,159.87096,791.04504,397.74323,656.87714,842.3157,373.80963,151.37492,787.237,393.43268,658.6898,814.17395,360.45605,125.04597,783.5641,404.10684,611.53625,806.78986,378.16818,159.05344,625.1163,634.6551,183.25569,614.1513,647.52295,-183.33061,791.9404,655.81714,252.6301,573.45245,860.27045,-319.20212,728.015,837.1727,267.91348,375.75104,814.79156,-156.56624,694.87683,867.69635,261.4456,350.88876,786.9425,-133.91241,788.70184,897.04987,298.0797,324.38007,863.3596,-101.45119
image75.png,201.60829,59.152752,-117.15843,201.32167,53.774895,-104.35464,202.66805,53.71476,-104.397964,204.08005,53.64371,-104.44427,196.26093,54.268436,-116.70295,193.72746,54.42359,-116.656845,191.19643,54.608814,-116.66382,202.32985,57.627445,-46.582375,185.49269,58.3206,-99.7803,203.54822,65.56041,-95.737,196.78764,66.03166,-110.91328,203.58891,93.054634,19.840555,174.10057,91.454834,-117.17324,202.30852,131.77682,33.830353,162.06061,130.78589,-116.818,206.86687,164.38928,-18.089014,159.86935,171.4933,-127.49375,209.04172,171.746,-25.242489,155.14655,178.93019,-145.58823,209.29143,171.3984,-46.756344,161.38054,180.60425,-152.55954,206.8296,169.22159,-28.634405,164.81734,178.89958,-130.75624,190.06459,155.63629,46.88131,177.27211,156.45358,-46.74396,191.27798,184.53423,73.39016,213.85022,170.85316,-69.249756,162.452,198.4478,131.34587,186.10542,184.7974,10.01644,155.25943,198.9297,134.84637,179.89825,186.87383,18.01636,165.31117,208.35124,117.97546,188.82246,193.03522,9.346154
image76.png,562.7989,122.13845,-78.08274,574.24817,107.31112,-106.78482,577.88806,106.74695,-106.63847,581.6799,106.05994,-106.67498,570.27234,107.45244,-68.46053,570.5836,107.03007,-68.468216,570.84204,106.750565,-68.45152,602.99365,109.84049,-154.6163,587.9584,109.067,24.02793,576.01434,137.26227,-93.42431,571.0734,137.08205,-42.16048,637.43536,192.32034,-229.40053,602.00244,196.79941,146.29855,552.5002,281.06778,-168.91136,551.1317,294.81232,99.09036,506.34955,226.64165,-24.102392,502.9496,233.08109,-86.00374,485.64606,212.82779,-36.8874,482.75424,209.28625,-101.67921,495.2365,202.86783,-48.86735,489.91547,201.55122,-94.2285,504.12357,210.2263,-22.419117,504.0502,209.88646,-91.595665,659.8982,397.98584,-116.51167,613.8621,381.86044,116.513824,706.0258,562.13104,-171.0998,475.5174,405.93842,117.98972,862.80334,519.5893,-46.10862,491.06897,532.1824,167.85672,881.12195,499.1145,-26.695395,512.5173,557.55194,167.00113,902.1553,563.32306,-16.756084,429.2383,578.43066,171.16205
image77.png,374.08905,96.45968,20.266014,359.57666,84.722176,50.547527,355.99136,83.7023,50.49479,352.54858,82.58587,50.516663,361.20984,88.2243,-11.5280285,358.8239,89.005974,-11.494874,356.40405,89.90032,-11.492956,332.96384,89.74916,161.50562,336.30762,99.03904,-106.60408,365.48944,109.51032,65.04227,366.94867,113.30309,-13.598733,319.64822,175.20305,301.80963,316.39127,178.56703,-262.24454,295.69327,271.05988,406.4587,294.91937,278.82605,-306.43735,339.16132,333.28754,274.63586,342.5973,345.36566,-134.87662,351.33923,351.79324,260.2564,354.8506,367.50946,-132.55211,355.51544,350.68527,232.54967,360.38354,357.75052,-135.12419,350.5336,344.17352,254.7294,352.03305,348.71622,-124.8826,342.82242,375.21487,152.71886,309.95117,387.94022,-152.06357,495.363,418.16962,133.53857,250.89893,538.70416,-205.98634,498.1681,551.40375,205.30844,104.631256,524.65845,-44.12686,481.16937,578.17975,199.52151,81.823944,506.64526,-25.711739,572.88947,578.55646,174.24158,94.53764,564.4095,-65.52613
image79.png,1875.0332,188.63919,-151.24828,1843.4377,152.33969,-92.409775,1838.3895,151.20651,-92.44785,1833.8566,149.87111,-92.50621,1838.794,156.43028,-226.21918,1829.9866,156.17519,-226.22835,1820.823,156.1069,-226.0921,1782.4586,170.41737,183.8811,1760.7009,179.29453,-387.98883,1854.064,233.08694,-38.72505,1845.2911,236.2822,-206.93219,1737.7931,430.16467,554.79065,1662.9739,422.63593,-753.0307,1597.6936,687.3097,672.9164,1505.6954,701.9348,-909.652,1670.0212,935.7305,373.30142,1612.8748,952.5264,-752.513,1703.1957,991.8468,369.58215,1646.8835,1024.061,-828.05225,1708.0862,1000.36145,287.1662,1664.6862,1007.49133,-826.7349,1690.9788,987.0498,324.50296,1642.7211,986.11066,-736.8479,1738.4961,1022.88184,423.2689,1613.5963,1062.2,-421.82285,2134.6702,1150.2751,620.3212,1503.1729,1603.6382,-843.36334,2041.6613,1542.0757,931.7362,1010.55273,1534.1735,-437.1664,1983.9578,1614.5035,930.491,931.142,1449.681,-392.30133,2213.038,1673.1575,969.3574,978.0523,1736.6924,-517.31226
image8.png,162.68134,73.87345,-42.312668,157.3708,67.48527,-29.385921,156.53323,67.66639,-29.455656,155.75406,67.79303,-29.499975,156.01476,67.37502,-55.409527,153.88606,67.00154,-55.223312,151.73273,66.67399,-55.11187,146.42633,74.08245,37.119976,140.49586,72.154335,-75.778366,158.64496,83.214935,-16.272945,155.22551,82.439125,-48.416847,140.91922,122.11913,133.63951,126.01605,116.0257,-143.82774,122.46348,172.96541,167.98991,71.858894,170.69083,-186.316,137.47833,215.28827,40.012077,108.67909,218.64525,-127.64613,139.03477,227.03214,6.3309793,114.546295,225.99313,-138.98596,138.9021,222.9307,-10.638987,118.74605,218.53423,-130.9591,138.00813,216.69307,26.644049,112.92758,215.15874,-121.37302,130.1271,238.40758,89.88183,127.83705,239.95041,-89.328,153.44667,296.24716,103.13703,213.84256,261.00104,-102.05929,83.28984,323.0004,160.96083,176.53746,347.25558,-6.9590907,62.348854,322.49286,165.09912,156.2708,358.79373,4.6252065,88.533226,345.3223,145.57971,205.14021,378.69907,4.8374133
image81.png,786.36194,176.00943,-300.42117,790.4541,153.46922,-268.93826,794.87885,153.82118,-269.09494,799.5314,154.14218,-269.29666,772.10406,149.99715,-306.1835,763.7126,147.68257,-306.0484,755.41254,145.52484,-306.00424,783.1246,152.89061,-72.876495,722.8283,141.69444,-238.49525,779.1542,194.48602,-219.05968,757.96735,189.66849,-268.4008,799.9817,260.88132,44.081852,607.6528,236.85764,-170.03893,803.8417,410.45047,142.34286,602.52795,418.29825,-216.0593,837.15796,454.74515,-67.37723,763.34607,461.5863,-327.90674,846.20654,472.39835,-105.03126,808.9848,493.05215,-376.2794,855.20074,454.20172,-155.71385,823.6063,456.32886,-378.9822,845.82886,450.55975,-92.67216,810.2999,448.3151,-321.68774,767.1347,523.1159,-36.294567,659.0553,516.9251,36.650497,675.70435,573.51825,-557.9294,691.23785,647.29865,13.568017,636.14075,814.99475,-385.72607,821.0766,676.9555,705.53064,641.8143,848.6151,-366.9835,840.8817,673.1411,779.50116,576.03265,885.7378,-578.3613,848.7247,730.06165,736.8188
image85.png,840.1371,293.28928,-736.85626,850.9459,257.80182,-673.0743,861.2201,259.27975,-672.99744,871.9971,260.55563,-673.012,815.9797,251.66179,-730.7097,801.1231,247.83858,-730.7762,786.17395,244.23181,-730.8485,857.9834,268.0892,-299.68777,742.51984,247.33101,-550.30963,842.61304,328.87723,-587.9276,798.0694,321.04916,-661.4388,853.7148,433.394,26.893038,586.2752,420.61502,-555.3902,870.4285,669.983,114.92509,499.88666,702.6643,-572.1836,975.8724,854.8067,-226.01753,579.6363,955.4503,-613.20135,1013.04193,913.2132,-288.21732,576.8897,1031.135,-690.81104,1020.1463,911.72064,-384.26163,633.2964,1021.3936,-714.21655,995.1436,894.91724,-286.09265,636.66284,993.07,-616.4476,812.7839,851.3807,151.08247,631.83276,888.24506,-150.94417,1089.0293,998.2,-626.6825,589.11584,1280.5004,-255.04028,1049.259,1319.993,-415.67126,432.9942,1149.1495,595.8784,998.8203,1372.892,-407.40323,413.1068,1102.6195,682.64716,1182.4375,1455.0181,-646.8781,395.3696,1264.2463,645.406
image86.png,517.7675,147.17056,-269.24652,526.5061,135.68382,-241.06796,532.7663,135.04121,-240.98569,539.11176,134.27306,-240.91115,510.10565,138.86371,-234.43015,504.3438,140.10095,-234.25844,498.54327,141.45135,-234.34975,553.1816,145.37218,-105.66287,496.6172,153.9469,-65.752396,534.2018,163.20634,-220.80725,511.37823,166.80316,-208.33525,607.24097,227.21712,-67.92322,477.49402,233.94193,32.16559,668.85614,309.95038,-77.556564,437.3649,314.54413,90.17732,629.4014,399.32965,-153.97209,453.1313,379.2611,-105.22116,627.1364,423.32632,-186.06702,455.1225,408.34332,-152.36603,607.45966,409.24463,-209.97353,470.59518,392.0311,-185.50761,607.9782,399.9143,-157.72784,472.17352,383.86325,-120.20671,589.27094,421.4217,-30.563574,506.6321,412.38376,31.0255,611.2808,572.1005,-89.888466,464.35397,448.46613,-484.27847,617.31573,536.8005,448.7768,455.8539,603.23395,-334.8064,618.4284,520.3028,502.8837,466.0275,626.51495,-325.61868,605.372,577.2015,464.48898,430.65677,654.0605,-493.0247
image87.png,271.6085,73.88356,-93.069855,281.0291,64.56483,-110.84175,283.7836,64.26446,-110.869995,286.7033,63.921814,-111.00097,278.238,65.47101,-75.89928,278.97913,65.93072,-75.821144,279.7578,66.41813,-75.78659,304.5308,71.93804,-141.19456,294.7505,74.6929,16.00729,282.119,88.28325,-101.453896,278.51462,89.62852,-56.479626,350.34546,155.0695,-215.37148,293.20966,163.14508,123.49606,380.82486,264.06183,-230.50565,319.26645,276.80258,141.865,370.78537,360.99353,-232.10864,299.36023,344.59204,33.73242,377.37073,385.60092,-270.81256,295.32764,363.2381,12.916568,364.3286,387.32565,-283.17996,295.06607,356.99432,-19.08196,361.78464,380.19272,-236.43588,298.45822,349.98752,13.584837,338.84732,345.08124,-114.34046,313.24762,344.395,114.95117,226.6465,364.51184,-162.4615,332.23737,451.89728,125.00422,202.22368,522.92896,-15.011456,460.69177,411.76932,372.1106,217.32477,549.23254,1.4288149,482.61667,394.98392,399.14935,136.04662,560.2239,-56.394527,489.07608,433.21042,389.1357
image88.png,696.15955,184.70947,-242.33066,677.14044,148.77798,-221.33923,674.2461,148.03548,-221.27174,671.668,147.24469,-221.43164,674.25073,149.72432,-316.43304,666.67334,148.82236,-316.57153,659.105,147.96576,-316.863,627.0153,155.94572,-55.23218,611.929,156.97946,-481.53247,674.19495,213.28957,-171.45676,666.50006,213.10246,-294.67047,586.43774,315.38223,216.36284,535.30206,328.4898,-673.7029,571.71765,553.0241,291.60406,538.09283,580.35944,-767.5192,595.7262,770.2956,173.55444,586.1268,806.8593,-717.4969,604.8682,826.432,191.67116,582.2531,869.7565,-819.7545,609.3639,826.938,116.92577,617.6884,864.6119,-793.7282,598.56647,810.3589,135.58063,617.1032,844.02563,-704.1434,587.51953,742.5298,264.49377,550.6072,761.41846,-263.44247,663.6334,903.74493,452.30978,724.78394,901.1879,-265.03345,436.91,1084.0756,562.14026,503.383,1075.2433,71.58658,373.27087,1103.7883,570.58246,441.60312,1089.325,100.94166,475.6374,1169.891,493.21597,536.90393,1186.4104,42.173576
image89.png,336.96765,272.2152,-95.84209,333.15118,261.53696,-81.87491,333.76773,261.25372,-81.77666,334.4806,260.93097,-81.80371,328.5532,262.07498,-106.0207,325.30792,262.019,-106.10429,322.14874,262.0236,-106.25878,324.86993,263.13605,-1.7846696,309.2171,265.29272,-106.203094,335.28287,281.1297,-63.212517,328.62457,281.69107,-93.214226,330.43616,312.0232,98.333015,301.62656,311.37854,-161.4252,402.446,310.9958,162.6352,379.6773,303.26535,-227.55063,463.74298,303.15692,119.422905,451.37604,296.12112,-209.52393,479.50708,297.34802,113.141846,467.3549,294.33398,-230.64781,475.83493,295.6168,93.39848,467.81982,291.12665,-219.97144,469.7613,299.22656,106.636246,462.043,293.27213,-203.49521,334.6393,442.2882,79.706154,326.35986,444.4427,-79.41522,331.72742,526.11,77.26312,405.32138,469.91876,-108.15658,239.29166,552.10956,166.72029,391.39218,566.33997,-27.201248,220.25871,547.47015,178.52531,374.17072,579.4284,-17.870657,227.61615,582.74475,158.12367,429.48795,597.64343,-41.44599
image9.png,358.32983,115.38271,399.33636,355.62576,87.68976,391.28006,360.53635,82.537605,391.31805,365.48743,77.21391,390.9158,346.68646,97.15671,432.0273,344.5085,99.0071,431.92905,342.34747,101.10195,431.53217,388.12576,65.28788,362.77527,356.43518,95.506195,534.64484,384.79443,117.37987,391.25186,372.77957,129.0808,442.1667,508.48376,117.123344,195.93973,393.0403,170.11615,592.07043,572.32043,245.67848,132.66382,388.20978,216.34637,613.4768,480.65973,113.268394,323.43384,358.9685,102.483345,676.4679,454.30862,76.71123,324.02408,356.58505,74.41326,669.06116,463.46918,62.137913,351.50342,351.0059,63.133595,681.4999,468.69202,76.90314,337.8905,357.19513,70.63908,673.1491,580.4725,388.64584,-218.61984,545.3506,436.93863,218.52164,294.3114,467.70734,-322.83908,626.28204,655.5435,16.46344,352.75006,732.1775,-189.50766,834.44055,673.39624,358.85968,395.00977,774.65497,-171.13539,863.37354,654.7362,401.21844,264.52023,842.4338,-274.4768,891.69653,781.4635,389.41327
image90.png,613.9534,161.73618,-282.74326,636.2066,138.67607,-317.50604,640.64545,138.47528,-317.52725,645.1826,137.90181,-317.713,634.97815,138.66547,-244.69472,636.8458,138.7969,-244.72154,638.7794,139.20686,-244.79593,683.046,144.04393,-378.58493,675.3991,143.74298,-42.816254,633.8693,181.773,-302.24615,628.4339,182.22462,-206.06595,766.5693,278.92163,-469.38947,678.80707,285.9018,150.89813,925.4182,383.2024,-464.872,750.8859,406.80408,222.45274,850.54675,539.3912,-200.51445,727.1977,498.50464,-15.652951,834.3763,571.99194,-179.28474,722.4169,516.5395,-36.624493,808.4973,562.45355,-178.87686,711.4713,511.94385,-87.026276,824.11005,546.48,-180.77966,718.8148,506.05627,-40.94968,820.6439,588.91693,-201.46307,730.725,575.8157,201.02283,964.47644,871.7019,-373.49493,502.10147,581.67456,76.93225,1131.1696,748.22375,-19.674154,559.2096,827.9035,52.40522,1140.7283,686.14465,24.524061,593.0089,867.00836,30.483763,1176.844,825.656,-24.26147,473.5642,907.7762,-3.6103733
image91.png,538.04425,413.9028,77.08786,531.6957,404.6326,80.4145,530.1337,404.62622,80.52075,528.6183,404.6444,80.45492,531.6372,404.8677,48.976776,529.988,404.63922,49.11316,528.3035,404.4895,49.081497,517.3781,407.55908,127.85478,516.31146,406.48358,-13.323219,532.8647,422.40457,96.5812,532.7123,422.41916,55.863567,498.26105,459.32407,198.4954,510.10782,453.85028,-82.77038,501.1974,519.1248,217.90137,549.56195,491.04343,-19.08663,478.07028,535.1927,194.35545,564.09296,444.0816,177.58237,473.132,541.1981,189.56363,572.862,435.03336,197.3859,462.45917,537.39136,207.51022,561.06274,431.626,183.23624,462.75964,535.773,196.61897,554.91473,437.97925,182.65042,490.04956,575.13544,91.64899,499.06732,574.4303,-91.88365,481.8319,674.909,36.403084,585.99493,596.787,-51.355583,398.0243,670.8171,19.84431,564.1421,683.30426,-7.317717,386.81827,658.4332,21.208927,553.01306,694.5424,-2.6096394,377.36072,698.4373,3.401796,594.0037,712.92224,-15.297923
image93.png,138.41116,137.79614,-238.25746,147.98666,130.20276,-224.34468,152.45699,131.09958,-224.30649,157.06473,131.91867,-224.37262,136.06232,128.41621,-217.98894,131.99286,127.81751,-217.9758,127.97574,127.356544,-217.89935,165.26503,142.09772,-142.51788,125.38783,135.37431,-109.75783,146.36234,153.17152,-207.75493,130.36299,150.48009,-198.41531,193.58554,206.54977,-111.35351,87.21689,200.23549,-38.43891,261.30862,258.05478,-124.17075,53.95692,253.27516,64.12584,228.3736,310.20517,-193.32703,68.94413,320.26297,-2.7822216,220.83008,327.85596,-219.49165,71.682594,342.53464,-24.152708,207.98561,319.25015,-221.72919,85.11666,333.5476,-45.171978,210.68013,315.4891,-190.62068,87.957085,326.1027,-8.7273,172.14207,335.85046,-15.068267,116.006516,343.0654,15.426104,169.75226,351.33145,-337.98874,96.187294,443.77252,8.212167,173.86029,465.0878,-258.95996,124.78683,442.8017,360.5733,174.17699,479.69254,-250.15,131.13763,438.92914,396.11026,173.23602,504.2742,-349.06393,131.29637,468.271,379.50586
image95.png,192.63771,54.876114,-35.942722,185.11221,48.90402,-23.712585,183.51396,48.833805,-23.685244,181.99284,48.73662,-23.716835,185.36626,50.02408,-55.112137,183.82664,50.43799,-55.13988,182.28197,50.907352,-55.174377,171.07147,53.804855,31.689642,171.39223,56.487366,-107.26699,188.42973,63.09988,-13.286954,188.4435,64.30637,-54.03302,165.76707,101.125145,102.34733,160.42667,103.09652,-181.67912,172.03877,160.24115,116.9547,176.70976,164.67107,-192.56242,190.16515,205.70297,44.782356,195.50156,217.18144,-156.796,197.12454,217.29593,43.784756,198.34746,232.96873,-173.2326,198.51666,219.27725,23.355545,205.25339,231.3909,-177.3886,194.93604,216.22249,33.341206,202.60258,227.01315,-155.05652,177.16374,206.30809,76.50317,158.68126,213.07016,-76.34658,248.17924,221.58763,42.633377,111.936905,282.24414,-126.97899,255.27579,287.36685,105.0336,35.611313,284.89743,-60.41987,249.64893,299.4894,105.90856,23.727545,279.2429,-54.835754,287.72482,303.81265,83.2035,28.689674,305.01645,-100.327515
image96.png,775.5695,221.28038,-68.003845,768.6903,199.91646,-59.90011,766.28827,198.66429,-59.865025,764.0751,197.45499,-60.118904,768.6274,201.95364,-108.443146,765.29504,201.49838,-108.535385,761.8571,201.21117,-108.58036,744.00024,199.69876,35.186874,740.42426,203.91386,-175.47308,764.8988,236.4207,-28.60722,762.9647,237.77715,-90.21157,698.6413,283.1663,223.58037,720.5288,299.47937,-325.36276,753.59155,383.5664,109.77805,787.5112,404.23276,-165.37888,781.4614,310.7295,-184.79358,795.62384,318.60904,221.71323,794.01025,288.41052,-205.44778,808.95984,292.5964,241.15659,779.3358,278.0873,-181.83165,789.4234,277.6976,209.86855,771.74304,290.57907,-184.8198,779.2916,292.7509,222.59091,669.434,494.16058,184.01454,645.4574,519.7979,-184.43987,840.39435,465.42328,392.0113,593.8912,738.9624,-333.36844,777.0787,670.77313,448.38028,416.75238,672.00916,-182.441,737.9536,710.55206,440.2239,389.87906,640.2039,-164.04819,863.10767,725.97034,510.41846,397.85916,717.77686,-198.13226
image97.png,581.3218,98.29381,-250.20763,597.6365,86.04501,-240.46844,604.18604,86.79575,-240.4712,610.82935,87.509514,-240.5274,582.49646,84.17518,-217.78542,578.11035,83.57271,-217.55516,573.75256,83.099724,-217.5333,628.9086,97.56253,-139.5492,580.4501,90.2399,-36.161438,596.0861,116.86624,-212.31232,576.67255,114.20758,-182.40968,681.2017,190.11774,-153.78574,546.53577,176.52734,93.65272,666.992,313.84604,-295.81952,538.29767,301.97595,-38.722218,594.1244,247.22314,-499.68674,528.4077,236.88377,-315.03757,570.99084,240.94972,-552.14905,526.37665,218.80054,-353.55295,580.1804,218.3581,-544.18304,523.2416,198.92438,-344.55594,586.07355,222.62306,-494.97116,533.2478,206.32062,-315.70743,659.7952,388.61365,-97.74879,590.09155,379.6286,97.882935,540.49066,393.7508,-487.49908,556.8446,486.39163,79.024605,560.48206,578.63556,-297.15518,697.9986,470.7653,446.32645,580.1543,604.4733,-275.65714,720.925,454.27985,487.3452,505.36215,638.97516,-398.31348,727.3286,519.10754,456.28763
image99.png,352.16364,95.38446,-81.00679,347.63373,86.47423,-71.79967,346.61005,86.15964,-71.72208,345.72955,85.87239,-71.84228,346.91772,87.11767,-96.0625,345.05835,86.910706,-96.16226,343.23013,86.72279,-96.16845,332.9984,87.848495,-26.616463,329.55127,88.55312,-132.2518,344.48352,102.96255,-61.410828,343.29108,103.25675,-92.23434,313.4849,129.521,56.95196,303.05826,142.04843,-184.0008,318.67645,185.7101,78.48311,307.22095,213.92401,-195.2987,335.3517,212.4081,30.218008,331.61438,267.97604,-178.39693,339.60358,215.35023,25.215914,333.99487,280.702,-209.14914,343.68433,212.55316,4.5309405,342.81467,278.00854,-201.04141,339.9608,213.22171,18.23448,340.17468,274.07272,-175.09866,279.56064,236.07187,70.63761,282.55542,245.60405,-70.26442,235.01639,278.53177,178.7668,367.23267,250.40538,-2.7047844,167.34088,283.31805,226.69531,343.3817,315.919,145.00238,152.8496,277.16595,231.9815,328.48422,322.67664,160.06766,164.25851,304.47006,210.71378,368.52167,342.90454,170.14813
