image1.png,715.6763,103.27849,-254.09662,702.4018,88.082695,-230.35808,701.3548,87.26465,-230.40445,700.6298,86.37917,-230.57124,699.70123,91.019585,-286.6233,695.6841,91.96206,-286.56094,691.75916,93.02992,-286.6165,681.6719,94.89333,-99.13171,670.9097,103.75495,-350.82965,710.74896,119.43305,-201.42459,704.48816,122.973785,-274.70514,671.31104,204.81998,107.149826,641.57135,206.25237,-460.2773,656.9917,341.98346,169.59956,629.43396,347.84207,-497.21585,682.2409,449.25677,67.19812,656.4092,472.77652,-473.15802,691.2516,470.63257,84.64017,652.364,502.91006,-526.4292,704.86,477.09183,22.214823,672.6337,502.2366,-522.04785,697.109,471.62253,37.618206,672.5093,493.13614,-468.04086,654.70593,438.69962,179.06715,637.15314,446.27283,-178.29381,640.8686,625.7866,334.17432,639.1292,623.5821,-105.524605,627.6404,792.89197,501.89142,635.85913,806.2235,48.507927,609.9036,822.28705,510.7874,615.4502,834.57684,53.305363,701.33026,833.9454,424.6335,701.89575,855.20184,-86.002075
image100.png,472.94208,147.87808,-301.43643,486.67953,130.92995,-268.98166,494.82227,132.25522,-268.93594,503.0752,133.46352,-269.10034,464.49033,127.808266,-264.61227,456.2813,126.31592,-264.85956,448.05386,125.07287,-265.05255,512.9103,147.70782,-82.45659,438.54544,136.75462,-61.314514,486.16873,173.18123,-230.79385,456.51782,168.72458,-224.9079,563.4653,252.70844,-6.649431,381.1263,269.51782,-17.606771,690.3746,212.66711,-136.54805,384.7065,406.6482,-262.46237,565.5739,116.61293,-123.6117,510.27084,342.5463,-490.45905,540.9539,78.9388,-170.30116,544.14685,325.0214,-537.4278,529.7948,97.93703,-102.691505,542.12885,312.69348,-523.2054,535.0878,118.586426,-108.24811,535.1021,323.9117,-487.0879,526.02826,584.5075,-64.73536,422.7733,583.3963,64.99316,484.81918,814.1311,-188.44159,430.99265,825.05145,45.52265,459.00693,1046.6423,-36.609844,494.43784,967.9561,449.4214,462.71628,1068.21,-34.028423,509.60757,976.1138,486.31296,404.61414,1142.3127,-266.16025,478.0692,1059.8168,370.31027
image104.png,173.02109,118.447685,-111.83909,178.47739,113.08087,-98.03738,181.46791,113.350266,-97.98115,184.5795,113.60738,-98.1042,170.05595,112.84647,-99.16377,167.13025,112.69533,-99.05247,164.2513,112.694374,-99.05873,190.04514,120.09579,-19.926718,162.66757,118.766685,-33.069202,179.60759,128.43481,-82.66125,168.65147,127.85468,-86.22601,206.66351,157.85875,14.009325,146.4035,155.91765,-27.79228,224.05107,111.50043,-9.4583025,128.83087,100.80187,-105.54801,219.00299,44.535255,-35.57888,153.91357,38.664352,-144.6921,221.42024,30.981213,-59.12192,161.21909,25.494677,-168.49243,214.46497,28.527866,-51.2799,163.98839,24.54739,-159.85284,212.53157,33.802746,-38.74092,163.02701,30.66342,-144.68575,199.08466,289.53806,18.566833,155.30478,287.7955,-18.389372,213.75027,378.27713,19.89776,126.94295,376.24606,-94.293335,202.32254,463.6908,100.15835,115.532364,465.63287,-4.5113006,191.60974,480.29047,103.19566,122.20659,479.54346,-1.5116564,237.31618,482.8043,34.71362,90.36869,495.65652,-84.8903
image105.png,348.00858,60.99297,51.471386,343.16687,51.818115,21.247921,340.45786,51.49035,21.414562,337.8444,51.143074,21.457645,350.96008,53.014362,17.605787,353.4949,53.328236,17.733892,356.0265,53.765915,17.72304,332.4026,56.33397,-53.931007,358.60043,59.718292,-69.93001,344.44098,69.567184,33.724335,351.6445,70.65797,29.475412,293.62506,107.35089,-63.334362,397.2939,111.63869,-72.209145,264.79285,171.72241,30.983189,439.77487,156.52692,15.258636,282.7644,139.99544,156.11024,414.85828,113.686646,155.30807,283.15384,130.29868,171.97038,415.60046,101.43932,171.50772,292.22464,122.91141,167.60742,402.3762,95.031395,173.43614,296.755,127.25829,158.32903,399.5807,101.482,161.1736,318.06204,274.92926,0.091339774,375.8695,282.64154,0.29836088,296.4791,400.64624,39.044937,381.99902,407.2777,27.740559,274.51807,532.876,44.574482,386.32422,536.62854,1.8586123,273.8703,560.9002,45.18426,383.03568,562.6145,-0.47906592,262.7503,530.55585,64.08796,394.65906,542.3529,18.758236
image106.png,480.92447,281.23846,-418.99066,486.20978,264.77164,-398.1578,492.83487,263.71072,-398.2542,499.55844,262.50952,-398.31024,468.61963,266.93488,-404.14355,461.47522,267.36227,-404.06006,454.34616,267.86417,-404.20035,506.63446,269.62744,-266.6185,444.8641,276.43936,-284.40366,495.31754,293.97232,-367.4881,468.09937,296.87134,-372.05984,548.7802,349.5101,-202.07211,401.0728,349.67474,-202.4294,626.8651,417.6522,-114.06501,315.7559,419.76453,-137.70525,576.334,501.16263,-99.12586,376.20724,498.83795,-154.54732,560.3592,514.8114,-129.30214,394.04422,512.3636,-189.32317,557.4401,492.1273,-143.01453,401.0589,493.01035,-200.93968,561.76184,491.73166,-97.644905,396.91235,491.67337,-153.95007,513.74493,553.1682,-2.4828465,432.8924,555.91205,3.2358863,531.55896,688.65063,-18.952314,423.7703,700.3728,69.941765,532.02997,828.7666,143.06264,425.9083,824.5549,249.1945,525.014,853.09784,150.07819,438.05505,845.81354,257.6019,553.4618,864.01434,-18.250877,385.72513,860.3165,100.39441
image112.png,722.4643,920.8945,-510.60394,723.38135,876.41614,-548.2236,733.2424,869.4148,-548.5865,743.2968,862.3068,-548.7055,704.74286,888.1472,-461.90677,699.1973,890.49506,-461.58917,693.8155,893.02576,-461.94498,786.83716,849.57117,-570.3357,725.95624,885.63904,-165.77898,770.90027,930.7284,-507.07263,743.3794,946.67175,-387.6132,917.89856,1015.8838,-707.7251,877.6916,966.65344,229.31647,870.2449,1322.1318,-550.55945,867.90845,1198.4071,387.1455,685.9582,1262.1514,-129.19955,702.5394,1191.7725,111.02972,631.19653,1264.0979,-162.95015,657.12305,1194.178,93.62058,640.9697,1215.7151,-158.23106,637.1168,1165.8008,49.008835,669.5904,1207.1593,-115.2337,654.9692,1165.8263,74.86556,1053.0337,1463.6046,-284.4409,1025.0548,1423.1191,285.17572,1068.8942,1791.0203,44.33416,1058.0497,1758.1736,541.8539,1129.7433,2072.5293,429.32104,1108.6552,2037.9645,867.6163,1175.7104,2112.9546,460.79916,1145.242,2076.7896,888.20605,1029.9415,2167.9795,302.1953,1030.4479,2135.575,743.0031
image12.png,293.24573,146.5323,-342.68643,300.32986,130.81015,-326.11023,306.18066,129.7353,-326.1906,312.214,128.55144,-326.1654,283.3569,133.59413,-324.67892,277.27026,134.31494,-324.63538,271.1794,135.13333,-324.77533,322.5876,134.5749,-196.41441,266.17548,142.64908,-183.7988,307.4019,160.77135,-291.5125,285.48862,164.04297,-287.93118,377.5258,232.10297,-108.990845,229.08348,240.2041,-105.215416,390.99542,359.40802,-61.875347,220.07321,364.05084,-65.9951,386.1586,472.89197,-181.93817,222.51915,474.1276,-162.16385,389.93555,507.1539,-219.85121,218.43976,508.38498,-190.48067,378.91663,507.18597,-260.55283,228.35498,508.4169,-237.03516,372.11377,494.20435,-199.97487,236.77986,495.55957,-181.89256,343.29562,471.92572,-9.8402,257.4029,472.52728,10.33392,327.9675,649.467,-37.070717,261.9546,649.30597,-27.604998,314.96307,810.2933,84.946434,275.82422,813.68317,114.924904,308.9614,830.9899,84.45259,284.98215,836.3027,115.78623,315.0265,867.97754,-89.30552,265.62564,871.18524,-60.802925
image122.png,668.59546,132.25198,-169.628,676.5213,122.14469,-155.54309,680.9321,122.02526,-155.52963,685.46783,121.840096,-155.61336,665.729,122.84735,-144.38243,662.1927,122.86629,-144.294,658.606,122.968834,-144.36078,695.8195,128.66498,-64.969795,659.79785,128.8928,-9.665586,679.1444,144.07043,-134.08817,664.38367,144.22343,-118.51303,721.03845,189.45963,-79.50874,637.67267,190.01585,80.36286,666.5279,243.76872,-102.93936,595.3794,259.04095,-41.780178,614.0142,247.63373,-48.213264,656.3141,252.80618,-274.6277,602.3158,249.84595,-57.62793,670.9818,254.71573,-312.42484,602.66284,244.2107,-54.5643,680.2989,243.39977,-309.4484,606.6653,244.55396,-44.64867,675.67065,244.42033,-279.25714,688.2165,352.83456,-51.380825,635.8077,349.0892,51.17498,692.3136,477.30585,-70.79052,644.98456,477.4923,62.52711,698.63794,598.16583,2.6787193,663.9358,595.4121,162.53503,700.94135,616.242,3.17987,678.61115,615.1145,166.07356,692.793,636.3725,-116.90009,623.9129,629.1971,70.775375
image152.png,900.0503,565.5383,-299.76868,896.3252,514.11633,-353.00403,904.8971,505.80774,-353.2699,913.77765,497.14905,-353.53082,883.0416,524.9303,-255.95862,880.20935,525.5969,-255.80838,877.4481,526.6658,-255.50218,964.565,475.83777,-434.78516,917.9433,508.30023,15.033331,954.18646,575.2625,-313.3112,934.12085,591.1669,-182.71045,1149.3204,640.19775,-645.08734,1099.3516,677.975,375.38977,1070.4984,1039.789,-660.60297,1050.8379,994.30365,554.21387,940.9339,1349.4631,-396.81854,924.82513,1264.9325,389.47098,915.50885,1424.26,-466.95392,892.1934,1323.7932,364.69162,899.81384,1400.8849,-452.535,877.1213,1302.0233,290.50076,911.59784,1375.1516,-382.50406,888.55115,1287.82,346.39062,1448.2769,1296.3042,-308.1071,1393.0131,1289.1992,309.8125,1381.3326,1813.5889,-16.463541,1363.4426,1775.8628,536.3472,1400.0919,2293.7104,297.4773,1368.7196,2228.7485,853.67084,1450.2025,2373.0662,316.10648,1405.1315,2304.3765,868.31775,1232.8998,2397.2231,68.1372,1252.4408,2335.2195,649.7513
image160.png,75.54524,53.244728,-126.78192,77.71767,49.02738,-120.12701,79.22487,48.55006,-120.13675,80.79477,48.05066,-120.15329,73.40285,50.285748,-116.47975,72.09126,50.66316,-116.43471,70.77596,51.065163,-116.460785,85.06597,49.37813,-71.308464,71.30144,53.18134,-55.703266,80.1934,56.333366,-108.48272,74.90083,57.836628,-103.75782,100.640366,73.75513,-30.212673,64.37859,74.34578,-22.88884,103.05693,104.48677,-13.677723,49.353313,99.854095,-35.979996,99.66457,133.15681,-70.36307,61.275177,109.23572,-127.750374,100.67674,141.59135,-89.014694,64.8953,112.53897,-152.9407,97.24777,141.09476,-103.08815,67.11059,109.17336,-158.02632,95.854034,137.7006,-77.32169,66.54135,108.090935,-132.40857,93.085,132.82887,5.738683,70.82777,132.84656,-5.6392736,101.348366,176.84209,-3.412486,77.43683,179.1615,-10.877708,89.946335,210.18501,112.53573,78.41888,217.20854,90.372604,85.669815,212.75575,120.769295,78.61648,221.29259,96.70326,91.169014,228.89833,66.44526,81.914566,234.20552,36.935284
image161.png,949.64557,248.58798,-657.0263,963.7836,238.25534,-602.8007,970.2081,240.13893,-602.7916,976.9272,242.0256,-602.982,943.2927,234.55505,-616.2435,936.0686,233.27905,-615.9587,928.9703,232.40097,-615.9418,984.0097,258.13025,-342.3885,919.33435,244.05379,-411.90964,959.3078,272.12582,-565.4685,934.26263,266.78094,-585.09753,1018.05975,345.58398,-239.60175,868.1783,321.18204,-450.11002,1075.8219,230.5227,-232.22682,924.5098,182.71463,-676.5945,1110.3911,97.39914,-365.15735,994.21277,51.425156,-840.7103,1119.1636,71.33341,-444.14142,1018.0458,26.96914,-964.6868,1102.9471,56.278366,-456.0326,1021.7841,19.243155,-959.15546,1098.447,62.121506,-387.88943,1017.16016,26.61219,-856.05804,963.04205,618.2189,47.31902,857.07324,605.10254,-46.82936,974.2718,838.1492,130.10123,795.6656,794.0423,2.7452927,984.9654,1008.54974,456.53812,722.5678,941.7335,360.37506,975.72156,1030.2263,477.5617,720.106,958.27875,381.95792,1010.36444,1082.1321,199.78328,712.2851,1016.02545,82.92184
image165.png,157.80138,77.00177,-324.79834,162.92815,68.669586,-313.4039,166.79733,68.74315,-313.41025,170.76381,68.70751,-313.37137,151.45703,68.91694,-315.8681,147.28333,68.996056,-315.80225,143.12741,69.15282,-315.81454,175.3243,75.17843,-221.73846,136.97855,75.40505,-233.31404,164.75034,88.478355,-288.09735,149.99998,88.64701,-291.19672,206.88,132.55698,-149.6379,107.69997,136.02902,-172.00397,239.74626,193.63492,-110.82192,79.66672,203.66228,-172.63976,247.03157,256.57962,-193.74199,80.113266,264.71332,-248.96135,251.92133,275.48398,-219.9144,74.972435,281.7623,-275.23978,241.81981,275.93015,-247.1132,85.61282,281.76718,-302.42328,236.66855,270.46127,-205.7894,91.99994,276.94,-260.5984,192.85576,271.4378,9.215518,136.51566,274.0184,-9.103379,204.59164,372.5566,-20.275785,136.66882,378.63562,-32.846546,203.66075,464.49622,93.99223,139.19289,468.1644,67.37113,195.98125,479.81894,98.48115,143.49309,481.6644,68.60709,224.07806,492.16846,1.2442368,134.20946,498.03232,-39.758892
image167.png,161.77136,251.10522,-355.27222,172.74062,240.15631,-308.22073,178.89716,241.22018,-308.30746,185.25583,242.22223,-308.4113,153.87958,237.34723,-315.37753,147.48875,236.11551,-315.3167,141.18062,235.10709,-315.6014,191.9258,251.65152,-90.3288,131.7366,241.99615,-117.55419,171.24286,268.2085,-278.6608,148.16875,264.55963,-286.16458,213.84578,322.09857,-42.144154,95.93601,301.0556,-106.44386,277.81305,241.95462,-66.78025,126.6801,190.4878,-195.07417,261.28842,148.61609,-140.89012,160.99838,107.553375,-209.98691,255.28548,125.15872,-208.77278,173.53,88.930786,-267.9031,238.94463,115.60788,-192.36803,179.84407,82.158875,-263.70758,240.00734,121.7861,-149.01198,177.55948,87.76428,-217.35426,183.28976,529.36206,2.2834322,96.89342,527.60895,-2.2570877,213.77945,706.8068,-3.0384474,78.39895,709.4333,30.3225,240.36172,860.98706,217.63957,59.869324,860.6152,272.28168,234.16635,881.27405,228.99796,70.66543,881.11115,285.6457,258.52396,919.4507,-10.904822,31.220367,917.41656,45.895134
image169.png,464.94202,89.202866,-52.73693,468.8764,79.221954,-52.304413,471.7882,78.27312,-52.252525,474.7723,77.27562,-52.29245,461.9094,81.61812,-32.791855,459.77548,82.1998,-32.766106,457.63177,82.8581,-32.88209,483.31708,79.62919,-22.637106,461.17526,86.32184,70.1085,473.84213,97.21905,-41.375496,465.40674,99.83504,-14.652064,520.0894,128.35767,-60.733284,452.594,137.37785,148.35088,510.34192,184.10626,-215.37383,425.11255,192.0661,34.239246,490.2927,98.91586,-330.93735,411.11584,129.65227,-160.11092,484.6014,75.03751,-363.79944,405.51257,111.607704,-188.85838,492.1597,69.99557,-351.37897,409.41153,107.54782,-182.59164,491.3838,78.613434,-326.16455,415.72086,113.9949,-163.32698,514.5161,268.34924,-77.45281,477.0116,271.6434,77.58239,516.4885,380.76862,-85.36549,488.67935,379.6603,75.43764,530.3627,481.61484,6.5276914,505.24664,477.43384,178.40552,540.3463,495.20016,11.849763,514.9173,492.3538,181.28322,507.27234,516.21173,-89.35603,485.66714,509.04895,89.17206
image17.png,189.67548,122.432205,-651.55853,202.52768,103.56763,-623.2289,210.9099,103.33237,-623.36896,219.44804,102.95737,-623.37506,180.12468,104.462296,-619.9966,172.0029,104.605225,-619.8017,163.81593,104.876015,-619.77625,233.34229,114.62945,-430.03268,156.55943,115.89563,-405.06546,207.49323,142.92413,-576.3882,176.66142,143.34825,-569.5655,289.9668,236.83087,-294.12692,100.46665,226.92215,-264.15817,295.89752,403.2918,-270.9353,75.5908,372.75317,-223.10744,220.5304,483.5012,-478.61267,142.01944,472.0757,-401.9965,196.84036,517.4895,-558.505,155.99413,512.8923,-470.33072,183.4851,498.32254,-587.0407,177.84204,496.12622,-500.5056,185.38045,483.07257,-492.90845,176.7354,479.1425,-416.11725,234.72348,505.7068,-17.281702,130.47855,503.10385,17.859877,241.0725,712.1769,30.672268,122.527824,712.7378,71.75814,235.68861,884.5176,331.25464,124.52037,885.77344,401.58395,227.35149,904.54065,350.26202,135.27873,909.5764,420.6917,246.45343,966.63763,160.67996,100.12029,966.00616,217.17397
image172.png,415.21912,42.63021,102.34949,410.27893,32.189606,88.33097,407.48206,31.414673,88.43382,404.70673,30.631334,88.26555,416.67212,33.972843,70.510796,417.95483,34.217937,70.5274,419.14645,34.551697,70.473625,395.54358,32.609047,49.198704,415.4532,37.497757,-32.478107,409.17615,48.91707,94.65456,415.19705,50.736904,71.54802,356.5779,74.3616,106.415596,421.0356,78.76659,-87.75937,372.49448,116.35127,274.13788,469.45996,109.17549,1.544437,419.74615,75.91253,436.754,472.5022,47.55497,138.76657,431.18768,59.741257,470.49088,479.87866,31.296074,134.139,435.68677,60.25627,457.07922,472.51562,25.205702,136.81465,432.04794,67.82739,433.5785,468.25247,32.43643,143.43387,371.5979,212.21277,57.98259,408.27762,215.60863,-57.834274,376.56302,308.5142,143.59335,417.69928,315.7776,18.244505,384.08304,399.52502,167.8353,410.26483,408.86102,43.66271,384.08255,417.83975,170.97221,402.7704,429.02377,43.263153,394.86917,404.51218,175.98798,435.42676,411.17728,35.557644
image175.png,255.90831,115.196754,-480.156,263.55072,100.03729,-459.165,269.1346,99.99797,-459.10516,274.93243,99.86532,-459.00574,247.24796,99.76878,-468.93356,241.12177,99.268196,-468.78207,234.9892,98.90404,-468.76236,279.35846,106.5268,-278.53586,224.9888,104.49641,-322.74863,264.45084,130.25555,-408.156,243.44289,129.77121,-421.39557,302.86203,193.43025,-83.36626,179.12003,193.25612,-263.01343,309.7303,299.27722,7.066843,170.38968,313.8537,-239.83406,325.67245,399.09753,-197.24527,173.74672,423.0017,-337.7218,338.2167,432.95087,-234.1734,165.91885,456.46094,-380.79996,329.3034,434.98563,-293.67023,180.94833,458.84357,-426.84653,317.90622,424.07156,-225.74901,189.68872,447.8084,-356.13284,273.1019,412.6079,54.968536,195.03432,414.65802,-54.636845,321.37408,549.27606,-54.552326,195.8337,564.205,-167.60701,325.634,700.45844,116.695656,205.92024,705.13446,45.38282,311.9843,726.7333,122.29169,206.68066,723.5649,54.193184,379.6695,748.0494,-57.48747,223.55315,767.14667,-148.16568
image177.png,498.71704,267.53644,-788.1555,511.56027,247.25055,-748.2542,520.8562,246.9183,-748.3197,530.49115,246.37285,-748.3299,482.4098,249.00494,-751.56506,472.30447,249.53618,-751.3632,462.24948,250.25363,-751.2505,541.8592,262.02704,-467.86993,447.5447,266.2087,-465.6845,516.60333,294.89728,-678.98987,480.7039,296.32153,-678.7882,619.37976,425.16412,-265.69305,375.7707,426.3571,-240.59904,662.8895,608.37524,-176.74092,356.98267,612.1572,-123.18954,688.0747,783.3661,-436.32138,340.3487,794.1423,-344.16663,703.7379,834.52795,-498.9758,328.22153,849.6646,-375.16986,687.62335,838.6334,-592.8146,337.7248,859.8484,-493.65005,671.7443,821.558,-476.98694,359.0299,841.9427,-392.54102,568.3024,786.1438,-12.83676,427.91495,789.6979,12.813279,589.15753,1071.0547,-28.535751,424.70624,1079.6208,3.0544465,614.7795,1327.4673,292.71005,434.64655,1343.6592,321.43463,604.56445,1365.4879,304.36057,455.9182,1384.8425,334.2911,654.84924,1405.3656,-16.966503,375.2532,1422.7579,13.83084
image178.png,298.64438,127.550896,-481.66635,307.62018,112.65492,-458.05124,313.78,112.09276,-458.06512,320.1739,111.40475,-458.0868,289.17892,114.22367,-455.4893,282.86444,114.54449,-455.34415,276.55298,115.03144,-455.24637,331.01855,118.884056,-283.345,270.0758,122.81757,-255.44214,312.0924,143.2739,-413.4672,289.17358,144.654,-405.62332,389.3042,218.86453,-155.68567,228.08002,221.84663,-109.163,420.6475,333.50458,-112.64087,213.01167,339.95224,-23.934406,432.34784,449.31833,-310.50708,189.6698,456.0485,-174.31538,442.53067,485.42136,-358.4414,179.03537,490.87332,-188.17613,429.465,488.5075,-418.35416,182.54701,497.79507,-270.97952,418.12476,475.72952,-337.25867,198.41237,487.2406,-208.31075,349.6086,461.48447,-18.633987,257.50082,460.86096,18.664305,367.51648,640.291,-31.420149,254.41458,638.2387,51.25705,370.04245,792.70575,241.14806,260.06415,790.74066,330.9479,359.76807,812.5614,257.60373,275.45355,815.1674,348.93845,395.98657,855.50037,71.805984,213.19643,849.24603,158.80296
image179.png,269.2945,113.39472,-275.65198,279.6201,95.02355,-261.0505,287.04135,94.381,-261.07312,294.69727,93.621056,-261.1116,260.21805,96.922844,-252.81187,252.82764,97.47012,-252.7675,245.41129,98.13636,-252.74106,307.52435,105.26459,-167.39606,240.6022,109.884995,-118.0933,286.14035,132.39679,-240.37262,258.10995,134.59146,-225.8046,363.147,216.43678,-144.07756,203.12613,219.25774,-45.829212,394.35315,340.97592,-122.87841,182.05301,344.23798,-14.567725,381.2752,461.64935,-175.51349,154.25171,456.60342,-106.8684,387.06497,498.5701,-200.19327,141.5815,491.51608,-119.68678,364.57043,499.61844,-230.39957,149.87097,495.96942,-167.74939,356.42532,484.81165,-184.73108,165.68842,485.36246,-127.40393,308.26648,466.76093,-39.4751,220.76654,463.29825,40.091618,311.36548,632.33905,-15.937049,194.77971,623.54626,58.41336,312.5847,755.03406,161.48715,186.9102,748.35266,262.06946,315.614,767.93506,173.89401,196.24936,765.58185,274.79623,294.73422,824.85565,80.17629,157.39154,814.04236,173.38812
image182.png,83.19755,31.99535,-204.34602,85.73588,27.540234,-195.968,87.44733,27.320002,-195.985,89.22513,27.062017,-195.98103,80.41431,28.180534,-195.99393,78.62789,28.321568,-195.92311,76.84877,28.494152,-195.8753,92.000114,29.002825,-132.33554,74.9821,30.715923,-128.96219,86.881294,36.489746,-179.76279,80.6061,37.098038,-178.98921,106.84227,58.453712,-75.798256,64.11937,61.963444,-73.8407,114.354065,94.105865,-55.183174,61.678986,98.94219,-46.113625,118.67692,128.94429,-127.34388,60.680466,134.8363,-94.62775,122.26728,138.67674,-145.88794,58.330765,145.2353,-107.682304,118.83925,139.91377,-167.13596,61.862415,146.71785,-132.17946,115.900116,136.50122,-137.14598,65.08384,142.64496,-105.19989,99.52102,123.89486,-3.2156224,74.04078,124.973915,3.2781086,102.92761,178.32343,-11.45229,74.24065,179.62282,-5.4639874,107.80187,231.53096,51.188377,74.05454,233.19499,56.150444,106.77265,238.08536,52.30462,75.41399,239.8677,57.6002,111.220856,249.39159,-29.678127,73.84413,251.88164,-21.541166
image184.png,434.722,59.67768,-250.0654,438.78156,53.065197,-241.43806,441.24298,53.023205,-241.45065,443.77838,52.930046,-241.44931,431.98016,53.19583,-241.10303,429.50232,53.118275,-241.05293,427.00183,53.09024,-241.00403,447.53192,56.09144,-170.37831,424.57965,55.847336,-166.66112,439.49744,65.99409,-222.32755,430.40753,65.84312,-221.28375,467.7258,94.008,-114.5265,405.79868,94.34754,-116.279526,475.18356,147.11595,-85.70099,402.66516,148.14674,-97.52592,472.40237,186.86713,-148.98813,397.57874,188.59415,-148.377,472.9379,199.51108,-168.08167,395.00143,199.89828,-159.67146,467.82623,198.19832,-187.65755,395.2437,201.18039,-184.12767,465.3877,192.81671,-157.11879,400.005,196.87077,-158.98349,455.2525,184.98346,8.338665,419.61115,183.94176,-8.147635,467.41656,254.92056,7.821706,420.70447,252.8951,-8.429558,450.94894,300.4892,140.56953,421.42493,312.0242,101.47958,444.485,303.7248,150.66544,423.41562,319.6185,108.20589,455.66,330.4273,97.63588,419.13107,340.07434,35.18746
image185.png,306.45737,144.02162,-523.5136,311.00302,129.55579,-484.12112,316.65973,129.7714,-484.06082,322.52026,129.8487,-483.927,293.9067,128.82327,-506.99237,286.73978,128.2859,-506.81967,279.56567,127.886925,-506.90247,321.17398,138.98293,-251.88976,263.55173,136.46916,-360.4519,313.88898,160.74542,-435.57748,290.1942,159.76369,-467.36047,333.4861,231.81822,-14.131902,211.39343,232.98575,-341.30896,343.4083,347.67773,126.476265,178.38231,366.14902,-345.79745,365.74408,445.32297,-116.15107,229.7303,479.12097,-435.88358,373.18875,476.11313,-163.87453,236.45482,514.25507,-494.87787,372.70322,472.87833,-230.57469,262.47144,502.80383,-515.91174,363.32727,463.20227,-150.82387,260.27145,488.4668,-442.37048,323.50983,467.43073,111.5554,253.61438,475.36688,-110.85822,343.16718,631.3025,225.96127,253.1223,658.02057,-112.90186,334.62656,778.46515,482.03903,243.1725,806.39166,85.0143,318.38385,802.9355,495.3279,231.53351,823.92664,92.26558,394.53162,833.1762,333.41434,283.64798,879.5169,-129.39053
image190.png,244.80421,80.99466,-333.67392,247.33607,71.73545,-304.53906,251.27576,71.99203,-304.3636,255.44771,72.07625,-304.36142,234.01663,71.359985,-318.3853,228.74312,71.11601,-318.19568,223.47968,70.978,-318.24417,253.87265,80.40266,-129.55338,211.02028,79.565674,-202.83025,250.22385,95.29249,-268.682,232.76099,94.6494,-289.98828,279.15182,160.84888,9.0032835,173.30757,150.43858,-161.93213,328.9489,239.24086,71.22804,121.80591,226.03656,-238.91376,392.35306,314.0784,-88.46838,78.48303,310.7816,-500.43378,413.91672,333.594,-108.71817,57.00302,335.78296,-560.7601,410.42325,337.4941,-162.693,71.95082,340.06995,-600.93695,399.14075,333.96017,-112.85852,84.44345,333.50943,-522.6774,266.9763,351.05334,93.63795,209.05865,350.2698,-93.18646,269.4333,511.06598,127.4415,196.16678,499.35605,-152.19629,263.41016,633.16736,312.5757,183.28387,635.0815,-37.67489,250.16774,653.2024,321.4647,173.95872,651.54913,-36.24732,311.49954,681.8832,175.95087,213.58981,696.94666,-219.60678
image192.png,420.4163,177.26605,-355.8677,444.41064,153.88878,-366.7783,454.75104,153.5344,-366.7696,465.2502,153.06479,-366.65372,422.94308,154.2129,-310.75476,416.77994,153.8173,-310.8295,410.5735,153.43883,-310.7563,492.57147,165.43118,-286.71088,424.65143,162.9218,-30.617376,444.86374,200.25995,-318.68832,414.25504,199.23376,-245.48698,481.2172,280.1274,-419.26736,466.37827,292.81815,307.90405,474.94736,464.49362,-496.62357,473.1141,469.3924,359.74545,404.20126,599.82306,-488.51883,429.3115,586.73944,186.20464,399.67627,635.138,-567.4581,421.29883,620.0609,174.27434,378.5683,625.026,-558.46423,411.1372,615.2975,110.07303,388.68893,614.89075,-484.46732,413.78305,603.52374,151.33392,461.65765,631.4082,-231.48521,451.79135,622.0031,231.58742,448.38345,905.2395,-217.31398,441.98105,874.9283,253.32768,457.67053,1176.8082,-209.32495,457.25305,1120.2793,352.74512,485.51398,1225.8639,-223.16693,483.19736,1170.1074,351.08032,352.1998,1228.55,-415.2876,342.0767,1160.9427,241.08005
image194.png,479.91437,262.68692,-467.67224,489.69177,243.33725,-406.40884,498.1462,243.4864,-405.82462,506.92215,243.48306,-406.21957,462.00717,245.02658,-422.81805,451.9163,245.61925,-422.99283,441.78,246.65251,-423.69287,513.2955,261.19055,-94.63052,423.6026,265.57175,-173.24121,494.49088,293.64014,-356.66882,461.30878,295.12073,-376.53442,577.9325,396.36298,12.163148,352.62418,406.2646,19.421707,702.4026,223.43678,37.5864,236.9473,257.93628,49.857437,552.7439,221.34218,285.49036,407.03775,208.95705,382.8518,519.57587,221.31976,264.0476,446.7948,189.99944,379.61127,513.74304,246.13075,311.53308,451.21487,212.7779,408.35965,526.231,252.69508,295.3606,439.1012,227.74792,391.11517,547.20636,786.08575,2.3984516,396.76422,785.55273,-2.969805,612.4665,1065.3153,-74.15422,324.5694,1044.5162,-178.89766,643.1292,1343.0701,234.00012,334.40652,1316.3451,225.2446,622.7431,1388.2446,249.83517,359.64926,1349.989,250.71538,734.3395,1436.2554,-64.72716,261.66013,1432.4025,-53.452267
image196.png,413.73706,189.46576,-672.692,423.81445,168.17911,-626.2582,432.4545,168.19627,-626.1216,441.36786,168.01178,-625.9685,399.27225,167.88705,-648.7676,389.7091,167.44662,-648.4453,380.1929,167.24586,-648.5627,447.83112,180.82785,-324.28238,365.51376,179.68245,-437.02072,429.4687,212.75682,-559.2414,395.43573,212.56517,-592.45544,479.93738,321.04553,7.2202606,308.06418,317.4604,-445.5424,498.8244,485.426,180.75586,299.19876,500.57983,-467.27615,538.6252,620.75024,-133.31314,365.90338,654.9467,-628.2589,556.06085,666.35406,-181.9306,370.16132,706.7111,-715.3129,548.80634,665.2522,-276.11517,407.56857,695.24506,-743.8452,533.4727,651.0315,-176.44685,407.5004,676.0791,-637.92303,470.31616,648.6575,165.37656,375.9195,653.5347,-164.32643,467.91534,885.0861,318.45923,375.24893,920.49097,-211.44539,435.90628,1088.1697,670.82446,369.527,1141.354,20.748089,411.68823,1123.9884,689.5885,353.19827,1170.8263,25.11916,523.17194,1158.0555,487.7808,429.90707,1240.4396,-273.56378
image20.png,92.65201,38.367294,-92.643936,84.628265,30.846285,-85.33477,83.66289,30.305576,-85.30779,82.80101,29.72636,-85.384926,83.761185,32.797276,-114.37611,81.723755,33.473278,-114.349106,79.731094,34.192852,-114.32307,72.02227,33.59316,-31.833267,68.8024,39.22947,-163.01859,89.81932,45.99516,-69.367714,88.14216,48.19827,-107.46105,68.01875,81.47231,59.994526,63.190628,83.39245,-210.80666,74.73896,145.44316,94.32946,75.202705,147.90692,-222.01956,91.35923,194.85335,53.811596,91.380005,201.94966,-215.69104,96.372284,205.44144,57.44912,91.302345,214.80605,-237.54626,101.82964,207.60663,33.611725,97.396255,214.74031,-239.31535,99.10568,205.04147,42.03826,96.85423,211.01862,-215.37758,73.787796,189.42932,87.47715,68.81146,192.28737,-87.103546,77.699,276.52383,133.2821,79.19347,275.33685,-91.58428,79.227066,351.23215,198.1747,75.93179,360.47266,-61.408165,71.89688,366.83112,200.88719,65.72871,375.8534,-63.686375,116.92189,365.88516,160.19383,110.75292,381.5583,-135.82861
image200.png,179.51498,44.204285,-189.99638,183.25735,38.318626,-177.41852,185.61917,38.143265,-177.42133,188.08426,37.920567,-177.43944,175.84622,38.78177,-176.36354,173.37544,38.82004,-176.2256,170.90228,38.922585,-176.14877,191.97108,40.738335,-93.90844,168.1076,41.86808,-84.28112,184.35725,50.751762,-158.58003,175.54453,51.093334,-156.0985,212.94347,83.21899,-32.973484,149.62361,84.4386,-25.849722,218.53893,130.96307,-9.275625,144.06102,134.39381,6.952223,221.67168,177.18372,-133.37946,138.35542,178.91269,-76.203545,226.29936,192.2917,-163.1207,134.94176,192.86516,-94.284836,221.16592,193.7741,-191.7522,138.99112,194.26663,-126.02813,216.83682,188.29764,-146.98763,143.7,189.12245,-90.0582,200.3554,182.38503,-6.3974476,161.69275,182.11464,6.558138,202.86752,255.5405,-15.325717,156.85168,255.04643,1.3104775,200.40489,321.1069,103.503365,160.40448,316.31616,140.17577,197.03113,328.09512,109.65014,163.3828,323.2139,148.76137,202.57639,349.65063,11.6380825,158.93613,344.42697,54.55783
image203.png,524.3235,192.93341,-393.42004,539.9255,172.19743,-363.87524,550.3179,172.31183,-363.8708,561.07806,172.19176,-363.85287,509.1461,173.50717,-366.07983,498.40823,174.23354,-366.12555,487.67706,175.12689,-366.53885,576.06177,192.37395,-171.37012,474.9045,195.0264,-179.67351,544.94507,226.80453,-317.78815,505.7758,228.05724,-319.88364,661.8039,384.24496,-57.592537,391.37643,371.97485,-111.5104,716.7948,586.0741,21.412092,324.59018,567.47186,-106.27844,723.7068,766.01025,-153.85866,303.4692,767.2488,-201.92137,732.6173,821.4135,-204.4567,286.65546,823.20966,-218.56416,712.9028,821.1116,-271.4849,303.41452,835.0591,-300.26733,699.6244,803.3751,-183.41673,325.31918,819.176,-235.35551,600.72095,797.3118,22.81803,443.17166,792.389,-22.277527,617.513,1098.4893,16.27574,420.62955,1102.561,-82.86966,606.53864,1387.5356,208.75931,416.51605,1394.9843,108.75779,584.8132,1435.0161,208.10594,433.2119,1440.663,105.47941,660.26636,1461.3074,-32.135014,363.92764,1471.8418,-159.87085
image205.png,435.59808,103.94421,-145.70834,453.39667,91.14305,-112.859116,460.998,93.282936,-112.754456,468.82068,95.2991,-112.93114,432.58704,87.124176,-93.12517,425.81885,85.43529,-93.36291,418.98077,84.05082,-93.72788,480.5913,112.504234,35.372955,413.0464,95.882706,143.63182,447.14728,128.6852,-94.05977,419.5222,122.4153,-62.44923,498.06943,201.07285,5.260964,350.36728,229.52303,255.19441,505.04727,67.56869,69.77233,322.90735,391.26904,265.73965,496.5628,46.425434,475.74628,280.79346,525.30524,115.51854,496.08072,37.627026,512.6094,266.28326,560.45465,150.66548,503.27826,56.761066,526.3718,256.0243,563.1648,56.474693,503.71542,61.924812,485.17822,271.53802,554.9699,79.4813,430.4761,521.0341,-86.79201,337.90463,511.53714,86.94634,429.25195,757.2056,-199.12834,366.49326,761.9373,75.70716,440.53098,972.4069,-50.68966,417.68933,966.00543,281.9696,446.0415,993.04236,-49.96819,432.15268,991.06006,292.89438,407.25073,1065.0901,-303.75363,390.50146,1048.3926,103.31106
image21.png,290.40002,84.19445,-67.82039,295.91037,79.01137,-49.903454,299.49054,79.220116,-49.891792,303.23657,79.32619,-49.88284,284.56116,79.685715,-49.49381,280.79132,80.189445,-49.493946,277.01154,80.7483,-49.604908,308.42685,89.40713,32.56911,272.57535,90.8267,38.87225,297.99005,97.8043,-38.93067,283.86758,98.41043,-37.333733,340.07394,161.4252,60.853966,244.4953,160.98016,62.143368,354.83734,233.18558,65.97371,230.07695,231.63072,60.97964,364.2531,297.9018,-11.183731,216.80423,299.3902,-6.746237,370.9401,318.44617,-29.756945,208.74075,319.69266,-16.70883,365.52368,319.5007,-61.030083,212.16743,323.77057,-53.95106,360.08572,312.85583,-25.115911,220.88878,318.42828,-23.200674,322.97202,296.3109,3.4484353,263.57056,297.763,-3.291573,322.80603,424.4636,-28.250486,261.99582,425.87064,-36.58508,329.75552,542.9547,38.313885,258.64447,541.47217,36.85897,325.63962,559.6172,37.32121,262.17822,557.566,36.380383,338.59836,575.7318,-77.09836,249.73923,573.3696,-76.7715
image211.png,326.38422,186.2924,-528.8741,340.13248,172.80132,-505.79214,346.70084,173.51932,-505.90674,353.45874,174.10672,-505.91867,322.88266,171.3031,-492.57202,316.78128,170.47403,-492.46814,310.67606,169.7126,-492.33008,364.78143,185.39595,-343.85898,307.4951,178.16663,-263.61917,338.91544,203.9501,-466.54654,315.04355,200.83281,-444.09958,395.09775,276.71158,-289.5817,277.74094,272.42557,-37.52022,411.8111,405.13632,-261.57822,264.90936,392.1198,59.408875,410.31396,528.4177,-338.30075,252.174,484.82397,-105.66077,417.8875,557.91364,-369.7564,248.36115,511.53326,-122.06659,408.68842,564.4261,-409.10123,246.28656,513.11804,-190.66313,401.68253,553.4434,-354.16626,254.71608,503.95816,-137.34401,360.4872,487.3509,-98.80445,288.84015,483.3498,98.61956,369.85184,687.42706,-197.46759,273.35623,663.39276,174.11185,379.27597,876.8458,-98.73677,278.1162,832.86,399.31848,387.19943,900.4663,-100.18898,300.05478,865.4061,412.6354,348.48474,947.95264,-311.58115,199.68938,884.7469,255.85173
image215.png,416.78607,204.28757,-845.8854,423.45633,176.86517,-811.1538,432.73126,175.05399,-811.426,442.26343,172.96477,-811.391,396.48395,181.68369,-819.7489,385.5643,183.02242,-819.6112,374.6492,184.5249,-819.48175,450.234,183.63939,-570.84607,357.28943,198.08733,-596.2588,434.71292,227.01631,-751.74585,397.6585,232.78662,-758.32196,528.2838,323.218,-395.53754,291.74854,341.5679,-417.33054,573.6169,502.2387,-302.81375,235.30858,523.6425,-382.69595,544.89246,648.1509,-558.0474,296.72562,653.01764,-602.5636,543.3888,700.1451,-654.45306,310.4907,699.1618,-687.4774,516.35645,692.5222,-711.6397,334.1434,677.0161,-741.31494,508.00223,672.094,-585.56036,336.01752,659.0274,-625.57806,493.9337,673.04425,-3.4041877,364.14456,680.36237,3.8804917,561.8528,920.782,-35.696003,351.46332,913.83875,159.72827,596.363,1142.0913,182.2785,358.19772,1107.7333,578.89856,585.24384,1175.5527,190.60475,379.53235,1141.6805,607.7771,645.1074,1224.2052,-55.222305,292.87485,1187.1923,375.2093
image217.png,148.03818,57.27924,-338.39767,153.36748,49.884857,-327.17984,156.50534,49.89651,-327.17593,159.72354,49.843327,-327.1727,144.44983,50.082832,-325.44263,141.37924,50.009113,-325.36826,138.30525,49.98044,-325.3441,165.00674,54.72051,-225.4441,135.46762,54.30813,-215.3682,154.56529,65.45475,-298.19464,142.95146,65.26464,-295.7443,189.37025,103.44957,-130.15321,111.989685,101.92491,-112.01628,201.07446,161.34608,-67.32915,100.5302,158.88799,-58.14719,195.27565,209.37135,-189.28401,101.53522,204.08662,-170.32755,194.92274,225.93077,-225.543,100.67579,218.42834,-195.28816,189.16418,224.01076,-254.5693,103.140236,218.08565,-233.30382,187.00374,217.41264,-202.1767,107.23034,211.82881,-186.98607,171.50092,216.12395,1.4060122,126.58359,215.19388,-1.1882018,176.8564,314.9828,-24.318691,132.49529,316.7357,-31.816008,175.62704,405.80707,88.12603,139.89015,410.19452,80.15133,171.04814,417.32,92.06043,145.26224,422.86252,83.51706,182.90474,437.97546,-28.728277,130.61848,442.66498,-36.548473
image218.png,254.03331,118.658356,-374.41898,261.28482,101.62394,-357.6541,267.5086,100.662636,-357.72406,273.916,99.55601,-357.69434,243.37706,104.1723,-363.41046,236.79686,104.78141,-363.30524,230.22215,105.45958,-363.43542,283.15884,105.69765,-205.87152,222.89197,112.65463,-238.67221,267.74747,133.87201,-312.48645,245.03534,136.76343,-322.08652,334.7109,193.34723,-59.391243,183.25175,211.47214,-165.94287,350.45593,314.68228,57.84598,143.42508,347.3912,-172.0955,360.84256,410.11597,-120.67817,211.56274,414.20428,-284.62704,367.18982,442.9661,-170.86395,231.42099,439.10077,-330.16278,360.7378,435.93747,-218.64677,242.07109,421.2688,-354.88446,351.84552,424.2612,-144.47311,239.02834,411.152,-293.0356,336.3919,445.7746,36.93284,242.22415,456.54028,-36.525597,377.62546,632.63367,38.379448,242.59253,648.87006,-96.54792,385.80106,814.08,162.85081,258.8265,830.52075,40.3099,371.59756,846.16736,164.6305,267.8217,853.48944,41.170837,443.68085,863.69824,14.242025,256.34213,901.4938,-133.41061
image22.png,350.84525,177.81563,-692.7363,359.84677,158.38193,-668.2287,367.18045,157.74254,-668.12036,374.72342,156.96548,-667.8884,339.51028,159.65747,-673.9357,331.72833,159.71857,-673.7868,323.95712,159.90292,-673.85455,383.2173,164.69102,-456.1187,314.07605,167.427,-483.64926,364.50186,193.94135,-608.58026,337.5035,195.14957,-616.9361,425.4152,266.47974,-244.61156,264.5474,265.45935,-352.61096,430.95505,407.21625,-98.117,256.59122,407.1537,-297.1557,435.17685,533.2029,-261.792,258.61215,529.14667,-432.3193,443.3062,574.1055,-298.3077,252.90926,568.11237,-473.75323,431.87842,575.8126,-371.87277,265.36502,569.9233,-545.4311,421.35654,561.8283,-290.6724,276.94998,557.1562,-460.37277,390.1248,517.4637,48.763435,297.23944,516.7103,-48.13522,366.80127,718.317,81.551,305.5789,722.69434,-91.21427,344.22287,888.7468,317.17822,306.7095,900.6057,151.98979,330.88547,911.9995,327.377,308.29333,922.6768,159.66356,366.34116,954.5868,104.577736,318.11148,973.9698,-93.552704
image224.png,273.97018,30.555538,-125.20863,276.8348,25.17156,-111.42701,279.25925,25.300444,-111.40204,281.79062,25.358484,-111.387405,269.1904,24.999712,-118.21716,266.28812,24.900093,-118.173706,263.3872,24.852812,-118.26948,282.73422,30.071352,-28.122557,257.79993,29.208483,-61.212124,277.75995,38.217194,-94.07483,267.77222,37.915794,-104.00747,291.59146,72.089294,46.917114,238.99828,68.31761,-57.671856,293.20755,120.68253,84.94538,237.75708,119.742,-75.94551,291.91653,165.78601,21.00841,236.93646,169.55298,-116.667046,293.04642,179.17345,12.961092,232.65186,183.48949,-133.90274,293.26074,180.66046,-10.92525,237.6212,184.81175,-149.56808,290.6858,176.1357,9.761884,240.8011,179.8448,-122.85126,281.57565,155.81317,44.488148,251.42366,156.71645,-44.27155,285.58026,238.86867,65.78453,253.73987,241.15967,-65.18336,289.28503,308.54074,133.6195,249.8732,319.93942,-36.22252,282.94427,320.5001,135.6169,245.19955,330.6472,-38.3172,316.04688,328.75314,65.24366,266.6245,346.20215,-125.47873
image225.png,668.88635,192.8707,-594.5858,676.37213,175.92009,-554.89417,682.7709,175.54738,-555.0332,689.27905,175.0807,-555.1042,657.28766,176.45372,-563.9674,649.9023,176.18222,-563.8556,642.59644,176.19894,-563.69244,694.9409,181.08765,-350.31616,632.73926,183.63977,-389.9495,682.11804,209.07675,-521.15845,656.8533,209.72224,-531.99896,749.91516,252.91072,-252.75177,584.80634,276.50592,-315.83167,881.05096,152.46167,-328.56146,447.90448,298.1807,-367.5118,868.3458,42.49642,-458.68646,303.01678,302.52936,-476.80872,867.6783,10.142372,-518.2106,265.56097,300.9875,-484.6593,860.74493,10.553192,-515.0312,260.88876,296.66534,-545.6466,862.0257,24.482655,-470.7711,278.17422,301.53763,-508.5218,748.7984,487.15216,20.027693,663.47266,490.77484,-19.296944,774.5244,510.80762,-168.91597,660.64874,508.679,-34.871483,786.40814,554.7908,130.00041,662.3181,542.09503,214.02069,786.95026,557.8598,156.49747,664.5648,547.1478,230.8818,779.39246,583.4573,-31.600908,667.4676,556.1563,31.76621
image226.png,407.67545,271.45557,-853.114,425.0372,243.80328,-844.68744,436.0821,241.69476,-844.6232,447.43307,239.252,-844.4598,397.7293,249.71852,-811.05914,389.36447,251.34666,-811.0629,381.001,253.12732,-810.8889,483.26184,248.39615,-672.0496,392.7883,265.93668,-501.57547,442.83774,296.65997,-780.1373,408.1636,303.37888,-730.6559,628.32245,398.85397,-475.1828,359.18655,422.04218,-263.18924,732.14874,578.35913,-349.8436,328.29065,608.17883,-106.76673,769.14825,774.2907,-517.8879,312.2241,781.4461,-377.93976,798.3651,831.87933,-596.42456,296.52777,836.4413,-431.53665,763.9744,842.5191,-674.2099,314.39465,840.2545,-545.8367,745.1941,822.99634,-549.53894,334.40787,819.9769,-430.58447,607.8638,791.2932,-57.330685,444.808,799.667,57.370735,710.94147,1084.0336,-204.79782,443.84277,1101.0144,-46.61037,788.63586,1384.7285,-15.120931,467.30786,1400.9872,171.07423,788.72705,1423.9327,-16.42257,495.9918,1446.2904,172.7062,811.56213,1489.7506,-348.9647,401.20447,1497.8412,-119.827934
image227.png,603.74243,389.51825,-1354.0542,633.4082,326.90048,-1299.6034,656.63904,325.73343,-1299.5248,680.1827,324.2539,-1299.4333,574.5203,328.1145,-1304.8004,551.4228,327.24344,-1304.4388,528.1487,326.64502,-1304.7053,713.18335,344.0938,-856.2784,504.10748,345.1749,-879.5428,648.62354,437.47662,-1180.9313,565.3738,439.11224,-1183.8807,850.0821,598.6494,-478.25037,375.0638,630.9158,-687.6773,915.15076,972.73395,-235.87796,331.01752,1091.7266,-1109.8037,990.83527,1280.1351,-570.19257,594.79724,859.7812,-1762.7926,1032.3264,1383.5292,-629.66504,721.9457,819.59076,-1911.541,1009.0275,1380.1969,-758.54126,672.9585,721.2018,-1881.0714,966.3713,1344.0125,-615.5893,653.0961,743.4564,-1751.6873,807.136,1288.8075,60.507446,529.2064,1317.2965,-58.794827,910.7564,1791.0669,-43.46995,524.2429,1832.5576,50.766026,774.29065,2090.6973,1045.113,512.9251,2186.3262,1111.7965,738.7741,2111.1787,1137.7871,504.9523,2220.282,1200.0336,790.0426,2299.6946,871.371,556.97284,2394.4116,852.8881
image228.png,419.991,171.23946,-776.4344,431.81137,150.25266,-753.239,439.9037,149.62161,-753.2104,448.2329,148.84122,-753.1663,409.7219,151.76889,-746.4543,401.73892,151.85115,-746.3735,393.76297,152.06403,-746.4212,462.02258,157.65189,-533.4731,387.06693,160.31734,-486.63922,437.1147,190.00688,-688.0612,407.89276,191.09837,-674.99603,520.81213,271.63086,-346.301,341.00787,278.9386,-244.00722,546.7934,419.7377,-266.7125,333.37738,428.24225,-107.570404,555.86176,545.98517,-475.48807,323.81717,549.60065,-304.5948,567.369,589.5948,-533.427,316.8952,590.3849,-339.842,552.0415,587.66943,-607.9891,323.08646,589.5007,-434.31644,540.70746,572.36993,-506.3886,335.9821,575.7435,-345.33865,479.84357,552.48035,-38.03751,376.6045,555.5772,38.274067,500.81912,759.9582,-127.217415,366.72418,773.6214,13.289267,512.3929,977.8401,91.89405,373.70074,981.1278,267.4341,506.53934,1004.9399,97.71014,393.91693,1014.7078,275.79208,523.1156,1056.7344,-182.73901,313.77084,1050.0844,19.230354
image23.png,592.5956,269.68735,-748.172,612.19354,239.59155,-706.95465,625.88794,240.82378,-706.8901,639.9258,241.80061,-706.8329,575.8079,236.58531,-711.3295,561.2442,235.147,-711.1212,546.66376,233.98132,-711.22906,655.2462,264.25272,-443.56973,526.3181,252.73167,-457.21548,615.4394,308.082,-647.4523,563.2233,303.67798,-650.6142,737.547,453.4703,-284.45908,421.51947,445.4385,-305.79462,784.123,673.991,-181.20634,383.21042,677.1802,-241.67781,819.3728,872.7833,-409.12244,345.6962,879.1227,-461.9024,841.06134,937.6148,-469.6928,326.84702,943.8352,-508.1371,818.7945,940.8186,-552.0447,344.08646,945.393,-612.8448,794.35187,919.5724,-442.24207,371.22897,923.8686,-504.78625,668.43494,893.2847,7.2214127,493.94595,894.821,-6.0134535,679.6104,1161.2057,169.46317,456.51602,1164.6627,77.292725,682.2273,1346.6726,642.2718,457.8343,1347.4325,689.9254,661.76825,1364.1931,677.1596,476.6504,1364.1249,733.76434,723.99243,1481.6062,439.9003,418.1296,1487.4176,495.03207
image235.png,210.37428,92.00448,-115.1264,219.7656,81.57562,-131.70638,222.65454,80.85519,-131.62465,225.72026,80.08222,-131.61801,216.52625,83.814316,-95.06419,216.70384,84.28434,-95.034744,216.79718,84.873055,-95.15306,244.95396,83.2288,-157.97655,234.76587,88.09208,13.533288,222.62952,102.5383,-123.17765,218.62073,104.580315,-73.623245,290.48328,143.48167,-204.30458,219.67545,147.36688,92.44646,217.61987,187.77089,-270.72107,162.52013,199.63086,26.754744,150.94025,141.838,-257.60345,130.28171,137.76212,-194.21243,135.36174,131.47908,-285.19016,119.903564,117.51696,-225.80214,137.96774,123.16855,-280.74454,125.70807,106.594986,-236.3998,144.08943,128.51714,-253.94147,132.37956,114.542274,-209.04088,253.28497,301.2627,-77.40884,205.07129,296.33548,77.47788,250.16978,421.39362,-42.19197,180.77213,417.97778,75.26323,257.39127,538.7524,63.612915,177.39178,532.0801,167.53723,266.3368,557.2633,69.189415,193.20297,553.7596,170.40521,226.69511,577.0889,-30.692604,126.00581,563.46545,85.28914
image236.png,210.9807,68.39068,-133.8126,216.01498,58.87218,-114.67289,219.67764,59.384624,-114.60489,223.4495,59.847702,-114.67603,205.1826,57.454704,-122.6516,200.99615,56.793667,-122.646835,196.7932,56.25197,-122.77144,224.52478,65.95752,19.299265,188.6658,61.173965,-25.254969,215.76941,80.66915,-82.3372,201.53148,78.670815,-95.189926,242.25189,121.98515,107.95608,164.12643,120.67051,-1.8485075,278.7324,181.77911,0.90962565,184.56262,190.20706,-89.62852,207.63422,179.58115,-214.78674,236.08777,178.2881,-193.03055,189.90938,187.80357,-261.83893,249.87445,180.0724,-221.81723,180.31886,173.24065,-253.48291,248.53334,170.46164,-227.08623,186.18452,172.04654,-214.57024,243.67404,170.44728,-193.70021,235.235,279.14093,58.35173,187.1026,277.69647,-58.101368,231.85837,393.27927,136.16238,174.9186,405.56772,-99.91905,221.93349,496.2799,328.67273,158.92767,529.3149,-58.852394,207.24287,515.1132,341.5145,151.48477,544.70123,-63.79424,271.77194,531.91125,239.24847,181.79854,582.9599,-213.51945
image237.png,652.52655,250.53061,-361.9301,665.00366,230.79837,-329.6162,674.30273,230.96179,-329.80396,683.8422,230.94519,-329.76114,636.8257,230.98595,-337.94565,626.2651,231.08218,-337.92685,615.68134,231.27654,-338.30435,691.5687,247.493,-127.0802,597.42285,247.0317,-171.60056,667.4009,280.22583,-283.27203,631.3009,279.9743,-295.7359,748.795,409.8517,-3.1155415,514.5395,387.72882,-92.66219,773.87286,602.42847,77.71123,449.1223,561.62866,-107.74948,733.1011,748.23584,-99.244774,499.79532,700.1775,-230.35123,723.9953,794.1521,-155.9514,508.23978,745.3808,-275.17288,710.98846,782.5508,-201.87054,530.4467,731.30804,-307.74594,706.63184,765.0601,-122.06533,534.8429,713.9804,-241.90749,683.85803,758.2423,28.031507,543.6797,747.67535,-27.357122,651.6733,1033.1857,75.78766,477.69058,1034.5021,-135.53253,614.9585,1287.9054,249.9853,448.24588,1313.3818,0.26019156,591.3141,1330.3755,249.38448,464.39575,1354.6368,-6.5237966,664.9024,1362.5812,35.647194,381.25446,1399.5812,-257.52145
image24.png,250.64417,80.883835,-360.37564,258.85196,73.566216,-339.79126,263.2916,74.050644,-339.7835,267.88147,74.41051,-339.68594,245.26506,73.07781,-338.93442,240.84158,72.96836,-338.83157,236.41939,72.94209,-338.80502,275.25104,83.390884,-215.81097,231.41783,81.4332,-204.81357,259.0582,96.10679,-314.2832,242.84343,95.10034,-311.08838,308.1012,164.16406,-114.11181,198.71864,162.30107,-119.65842,333.64462,252.45915,-95.06731,179.04773,251.5608,-96.71917,370.4172,330.36075,-234.81941,145.92497,332.2078,-209.67305,385.3629,349.63577,-264.0253,129.25258,353.4842,-232.73637,382.05505,351.51645,-315.45755,135.66449,354.72604,-281.76428,371.9011,347.37283,-257.99127,147.91348,349.1734,-232.09666,288.40872,328.47427,-5.8673573,224.80527,327.85925,5.9914026,274.0432,467.42255,-3.118732,233.95883,461.0552,-2.675805,270.62302,582.16187,167.95312,242.21103,578.54236,181.0147,267.25946,594.04816,174.08266,245.7908,591.3047,189.23572,266.1433,628.3601,19.130981,243.18639,623.003,33.038372
image242.png,267.90414,51.961533,-477.0808,274.8478,43.555523,-461.01123,278.60403,43.793,-461.00928,282.49698,43.961082,-460.9821,263.4595,43.021317,-459.8472,259.60147,42.713497,-459.72495,255.77667,42.48341,-459.63608,287.72412,50.28359,-320.2225,250.83176,47.526016,-306.064,274.212,63.139545,-420.98987,260.40973,62.059853,-417.51425,311.47183,114.343834,-183.08653,218.44148,109.864136,-150.1972,320.56107,188.43811,-111.715805,202.58144,181.27132,-57.780743,324.86163,258.36362,-245.02377,195.18306,252.74281,-170.83038,330.4949,279.86145,-282.39612,188.1909,274.2914,-195.319,323.91562,280.91818,-332.0285,196.46631,279.15616,-253.40547,318.1893,273.21848,-266.7923,204.60933,271.34378,-195.08727,281.36417,248.83388,-22.81723,229.31456,247.34825,22.786123,274.87823,366.74316,-59.229,225.58191,365.32242,-20.56139,267.3158,479.89734,72.16837,243.07404,473.33936,133.64124,263.0903,493.91913,74.85289,252.54453,488.4839,140.11517,270.34644,519.51373,-93.895905,223.64262,510.3906,-11.302116
image245.png,122.11813,51.3532,-109.76758,124.7793,45.981625,-97.465614,126.9081,45.947712,-97.4755,129.1028,45.875515,-97.517624,118.49356,46.15926,-101.649216,116.1604,46.208656,-101.63993,113.81952,46.322372,-101.712234,131.24873,49.41146,-19.867916,110.43455,49.85555,-39.704945,126.33735,57.65509,-80.30139,118.087204,57.85572,-86.13758,145.84651,83.081566,46.946373,98.52658,85.94902,-23.77515,159.16112,126.623,24.711391,107.24747,134.93665,-37.10893,120.91659,125.534454,-91.15957,147.57951,121.7629,-61.27018,109.81393,129.47238,-120.256134,159.32161,121.20289,-75.89076,106.7431,121.69783,-120.04466,157.89241,113.7892,-78.33251,109.77932,120.69847,-93.959335,153.89322,113.87886,-60.86895,143.20703,174.95761,33.94741,115.215965,176.18915,-33.75379,139.12299,246.76962,62.34553,108.1619,250.597,-50.73287,133.41289,301.919,177.52,101.06024,315.6481,24.617857,126.751625,312.49258,185.3375,97.37979,325.37668,27.57251,156.65448,318.71198,128.1567,110.699295,340.0691,-49.933975
image248.png,433.3926,153.3509,-767.114,441.88226,127.84379,-708.63196,451.6532,126.45799,-708.13416,461.6029,124.997536,-708.18945,412.94498,132.24026,-715.1445,401.78656,133.36568,-715.11896,390.5877,134.88297,-715.305,470.96722,141.66327,-392.23416,373.44037,154.08699,-406.5567,453.52563,179.58435,-651.81445,414.1129,184.31538,-654.321,538.64966,273.86188,-223.57944,313.37753,279.65317,-226.88785,741.993,213.78809,-540.23724,110.20513,227.85828,-545.6688,618.8024,88.26148,-794.4439,211.21223,94.67605,-811.29083,594.82336,49.84208,-871.324,232.21565,55.10776,-887.8336,573.8604,63.895645,-823.8206,259.9984,65.081955,-842.95966,577.9938,91.03195,-792.1409,258.28452,89.57429,-807.5962,483.4789,643.30853,-19.538599,353.07703,645.6022,19.53125,507.12994,914.0835,69.50677,324.51736,923.5469,114.45896,554.0159,1172.9816,474.38327,309.21973,1183.1128,483.73648,544.72534,1213.1562,494.92557,329.9967,1223.6969,498.32037,600.0423,1253.2506,180.33327,238.10187,1268.267,175.38388
image25.png,412.855,184.2936,-867.85535,425.21036,164.30779,-826.0994,434.42184,164.48985,-826.03503,443.97092,164.46396,-825.65594,398.5893,165.01947,-830.2494,388.5289,165.29797,-830.2774,378.51724,165.73434,-830.4405,454.06903,181.92664,-564.6218,364.26096,182.8604,-564.3995,428.9698,212.57538,-768.77527,393.4705,212.86818,-768.6992,517.8142,335.2806,-373.9112,294.19662,338.4484,-394.43475,548.22736,502.87473,-264.84085,269.7776,518.616,-321.39,546.89575,659.5084,-567.9387,273.54343,677.6897,-509.86508,555.80634,715.8079,-656.5756,265.18613,731.0134,-569.5006,525.41156,711.2179,-742.4218,289.14105,734.34625,-655.59924,513.68823,690.26324,-605.06744,303.8749,714.8883,-545.6931,479.17258,658.0161,-23.468103,355.71713,655.4863,23.920536,467.6187,897.0303,-169.08394,361.64185,885.32794,37.922665,452.33517,1129.5048,14.764649,378.65717,1097.2196,394.37082,445.3661,1152.9835,15.542132,392.53812,1126.514,412.25327,440.2992,1228.8555,-296.9563,353.6807,1186.8337,122.77693
image250.png,323.4964,120.83244,-338.95798,329.17194,102.23024,-308.68872,335.29416,101.94033,-308.71085,341.60638,101.5489,-308.81607,310.44876,102.827705,-325.06046,303.13074,102.89984,-325.0892,295.80658,103.122154,-325.37915,343.4825,110.122795,-97.09159,281.78546,112.444984,-171.80612,333.51282,139.6063,-255.2539,309.17404,140.45972,-276.99918,388.1423,205.60191,77.09542,242.5932,220.30544,-114.46265,454.49136,331.28632,-1.0361569,293.18243,362.8449,-117.47831,325.4529,334.91174,-297.38947,413.5869,319.11768,-139.55081,286.19608,352.33804,-364.93118,448.28412,317.59668,-173.35109,276.3611,322.90823,-366.0407,443.06097,296.49716,-180.63481,289.29013,319.79028,-302.89078,430.7315,297.96106,-135.97406,405.48056,491.2314,85.76623,314.28506,500.44833,-85.54313,449.33502,705.07495,47.808598,319.02722,725.5736,-119.530975,381.48828,899.1888,325.8699,318.92044,924.7123,99.445755,346.9706,930.791,343.52817,310.27945,953.81104,106.54756,455.08582,965.7382,193.69856,354.59164,1000.89026,-113.66303
image251.png,339.70526,42.16887,-196.30293,347.1754,20.701746,-203.6496,352.03323,19.502974,-203.66629,357.0419,18.258738,-203.79471,335.93112,23.015469,-195.01323,332.1599,23.20309,-195.12546,328.2454,23.468508,-195.39554,369.28375,22.120144,-162.43704,329.69946,27.851988,-112.72405,352.9562,57.819607,-174.87587,337.54898,60.347588,-160.6511,418.97598,130.02211,-122.348404,299.59058,128.64223,-27.655598,417.14984,277.62186,-194.74335,259.45776,280.83722,-150.4331,353.2784,196.61848,-321.96567,314.3658,187.3138,-342.8187,329.4032,179.21066,-352.895,338.88367,162.8966,-365.48,337.53387,155.14575,-340.14172,329.3703,137.47774,-350.6314,341.8285,162.91574,-317.28214,327.4599,149.76279,-338.65088,374.89462,430.0053,-38.964687,305.3243,428.033,39.034615,355.49084,644.51013,3.103507,316.4684,646.29675,78.85393,375.52356,822.79645,137.19446,334.59988,827.9353,209.51505,385.3158,845.7547,143.8867,343.80862,850.11945,215.02354,350.8378,883.99713,1.5815816,319.8519,897.4843,87.10935
image261.png,929.76917,174.80186,-1118.5992,932.7101,150.3684,-1036.3281,941.6672,150.5082,-1036.3567,951.3272,150.2793,-1036.3698,901.3632,150.69101,-1081.3416,888.5109,150.59021,-1080.7075,875.7556,150.86069,-1080.9686,943.8524,170.52144,-510.64014,844.04425,170.93315,-747.61365,944.15247,209.83313,-924.9983,901.7142,209.99889,-992.8157,1004.29156,371.6795,48.1028,749.184,372.465,-646.404,1137.4896,526.0295,442.22873,584.26306,531.55383,-879.1618,1322.7933,648.3807,-40.243958,381.57266,705.96234,-1537.2976,1385.4298,687.9029,-91.25913,294.80246,759.0204,-1677.9071,1378.1746,692.9538,-263.7305,322.32172,754.7786,-1796.2272,1351.8429,686.6939,-122.33412,359.58783,741.8967,-1606.9701,959.1138,857.2724,310.37976,811.2024,857.97974,-308.26556,981.7354,1209.3689,722.2004,758.629,1237.9106,-475.76273,963.65784,1504.2766,1495.5126,700.8167,1584.6976,-157.96806,934.29,1550.5098,1550.6945,670.05475,1621.2241,-152.02533,1081.1586,1632.1561,1240.1407,782.5694,1752.8468,-653.8409
image266.png,495.52396,244.03319,-296.44305,519.4273,214.45164,-349.6299,526.898,212.98166,-349.35205,534.8366,211.32483,-349.23526,512.4029,217.49377,-271.63205,512.8575,217.6773,-271.62537,513.1314,218.1654,-271.6512,584.0651,222.30043,-420.31256,552.80255,228.6469,-67.11297,526.09296,271.0961,-307.3701,513.51825,274.48157,-205.17857,718.9028,407.07483,-382.73718,492.65408,386.8967,107.357574,748.09827,645.1626,-385.6396,454.72656,589.6557,318.20605,670.3145,825.8308,-467.3614,413.24847,773.2188,15.3233795,666.5636,881.0332,-525.3584,393.4758,831.0137,-47.151154,635.8393,867.74664,-573.8965,408.95108,835.23004,-140.35483,632.29584,846.0516,-478.61667,430.7423,816.48694,-31.525522,610.66296,831.5687,-105.15052,472.4671,813.0644,106.06216,594.2798,1155.2771,-57.14617,403.5395,1075.3673,-229.79291,564.14166,1356.3989,419.94873,620.93506,1340.2114,75.60901,563.89233,1365.9357,463.24988,671.6802,1349.09,101.986885,547.42645,1481.541,291.5303,641.51154,1490.831,-90.33583
image267.png,127.78553,48.24836,-118.86618,129.81285,45.436615,-111.641716,131.18465,45.373703,-111.62731,132.62047,45.27433,-111.621605,125.395195,45.789192,-111.693504,123.95449,45.931534,-111.65927,122.52002,46.103294,-111.64352,134.79474,47.82486,-64.73127,120.80561,48.768356,-62.734894,130.75983,52.43277,-101.20939,125.45579,52.794205,-100.68171,146.34969,72.13687,-31.20161,110.69906,72.586,-25.885,159.66878,93.977585,-40.043835,95.878876,92.340576,-15.295433,176.59366,112.73112,-121.00502,78.72658,113.403534,-65.98791,183.59033,118.67842,-136.54231,71.91112,119.680824,-74.06258,181.9385,118.70631,-154.48235,73.48015,120.72485,-94.55872,178.5352,117.648285,-130.22563,77.34935,119.47246,-75.65282,137.7969,125.0872,-0.3206301,116.49019,125.159836,0.34529197,139.53914,170.50734,-13.135847,114.21228,168.56729,-10.635369,142.17526,211.68323,37.014023,112.890274,209.2824,40.518513,140.24167,217.4467,38.479477,114.29737,214.65456,42.019978,148.2479,224.73048,-18.769537,110.090195,222.8903,-15.695183
image268.png,352.2487,126.84146,-873.2078,361.84366,110.3817,-839.2731,368.78577,110.24152,-839.32275,375.91736,109.93543,-839.2451,341.03848,110.62487,-843.00433,333.66306,110.40607,-842.79407,326.27026,110.3441,-842.7858,384.87775,119.592606,-578.47473,315.99213,119.82696,-587.5308,365.52325,145.65921,-772.7085,339.22757,145.47617,-775.2017,435.53976,229.74432,-355.4158,264.2499,225.83354,-377.09512,478.1429,361.64246,-349.05362,220.56407,359.63416,-355.59552,537.29565,483.97083,-642.46655,158.13696,484.22318,-603.2429,562.69806,514.15967,-703.08466,130.72714,517.75775,-653.05347,561.162,518.8556,-794.8703,132.81981,516.3507,-746.41455,545.2153,511.62158,-689.1132,149.52074,507.8025,-648.79456,403.48044,498.99554,6.0196314,303.2403,498.81207,-5.5412946,410.75653,698.04816,61.98316,285.5874,705.3558,28.676722,405.48947,874.3919,438.2845,292.23566,876.5032,410.20145,393.3179,897.1807,456.79254,304.26663,896.871,428.91827,436.50916,946.33044,193.69691,266.17133,950.15594,157.70958
image269.png,103.02893,34.003624,-162.5487,106.67041,29.928389,-151.88098,108.880356,30.053999,-151.91133,111.16317,30.137743,-151.93347,100.156586,29.939333,-151.16199,97.95143,29.956898,-151.10065,95.72743,30.020042,-151.08878,114.49049,35.02391,-87.71126,93.31192,34.74531,-80.41995,107.36893,41.55205,-138.5196,99.01677,41.367714,-136.5939,131.66547,77.77165,-40.407055,74.66394,76.381775,-42.106915,135.6248,122.28383,-26.13943,68.949196,121.24725,-15.303656,138.2537,161.82892,-114.212395,68.565506,161.19795,-78.96634,140.69444,174.52687,-135.17986,66.66386,174.50264,-94.47721,138.62634,174.71815,-157.69609,70.742096,174.45023,-117.5424,135.27205,170.07135,-125.3315,74.57388,169.42542,-89.16732,119.90961,162.51999,-3.5363092,85.786255,162.72849,3.705671,120.93031,229.67584,-9.871447,83.288376,231.56795,-1.1069652,122.87719,292.75198,73.45834,83.25129,295.55334,84.916664,121.16973,299.17154,76.37601,86.00963,303.2513,88.55062,122.60108,317.8701,-6.8283167,77.21616,319.8623,6.599833
image28.png,291.61685,127.64345,-821.13635,302.51746,108.54764,-781.9269,310.7622,107.46185,-781.9054,319.33945,106.21978,-781.71295,277.44946,111.904915,-782.1238,268.8188,112.94012,-781.83167,260.2028,114.15771,-781.83655,333.93115,118.52849,-511.3234,251.9371,128.01344,-501.6717,310.56772,150.52995,-718.9302,279.9869,154.3387,-716.6673,403.04953,272.14676,-271.44315,189.92148,273.87048,-337.83118,413.42126,447.46173,-161.02449,162.00868,451.4852,-266.47998,420.05338,605.0826,-470.39853,151.94923,615.37915,-485.81357,432.20795,651.70197,-544.53564,138.8294,663.2096,-559.30615,414.35434,652.5964,-644.2633,161.4653,667.23114,-642.336,399.85287,635.83105,-513.26154,177.30217,649.247,-522.57294,342.16525,599.00024,7.928993,219.63998,596.23285,-7.6031456,313.3871,859.99994,32.25108,241.1806,869.1809,-32.827538,281.405,1092.7313,355.27542,260.8357,1110.7725,304.7507,266.38055,1121.0629,366.7313,266.61774,1137.1824,315.6174,297.97287,1179.0603,46.808468,281.1203,1209.3881,-22.01678
image3.png,163.46632,95.23213,-258.2065,152.29008,86.18872,-238.09319,153.7223,84.7488,-238.18301,155.37463,83.301765,-238.30011,145.32166,92.28624,-259.8855,140.9091,95.418236,-259.91736,136.55322,98.53448,-260.00632,145.64711,95.019035,-145.88815,121.37717,115.653175,-238.76636,168.07506,107.943306,-221.61792,156.88368,115.19495,-248.16937,139.68835,155.13698,-87.01353,118.87251,193.94196,-234.25911,142.24135,241.25052,-18.136786,116.310165,303.25906,-239.22285,149.85033,310.14307,-14.117071,134.73505,378.0817,-213.89735,150.847,325.50052,-21.096413,132.57697,400.9627,-241.26239,150.72223,330.4804,-39.028183,139.20631,394.82474,-249.35358,149.75961,328.0718,-21.226192,139.63399,385.496,-218.77312,127.64181,298.56192,55.962936,120.78233,320.54004,-55.3937,135.56065,374.82562,186.07108,116.2346,394.91843,98.20391,124.35956,436.3264,373.79163,110.33716,450.23672,292.08435,112.64827,448.39575,391.29312,101.18872,462.56775,309.8176,159.07687,448.71838,376.37262,140.15784,455.51727,275.18005
image30.png,771.96,128.9215,-155.24881,759.3101,113.41576,-128.21547,758.14874,112.870636,-128.17694,757.2001,112.30583,-128.3004,757.13434,114.64036,-181.6823,753.3669,114.78502,-181.68694,749.6027,115.04568,-181.71202,737.5831,118.35631,-11.622215,728.64484,123.73007,-244.77063,765.5023,145.53864,-107.27771,760.0493,147.25354,-175.00255,718.4562,217.76808,138.8858,693.8374,224.8056,-376.83365,732.50165,341.37033,199.67418,721.634,369.6943,-448.12967,766.50665,441.23657,75.15503,775.5657,470.81833,-437.70737,777.35376,469.2986,69.838875,782.129,506.48083,-492.84732,782.4313,468.52386,19.922037,798.8282,498.7029,-494.12033,777.3332,461.21295,48.71984,796.45465,487.55255,-436.60696,733.76935,475.0508,152.4772,711.2162,485.50766,-151.67116,733.57477,639.0003,285.4389,723.01843,658.00775,-56.431084,721.96063,798.27826,540.5603,720.71765,821.9667,174.79593,710.35785,826.6259,558.4816,706.4077,849.69916,191.07489,775.3018,830.8012,475.86124,767.5722,860.4156,61.53432
image31.png,86.84781,40.920696,-159.91017,89.91214,36.55403,-152.34929,91.83545,36.41088,-152.32115,93.81941,36.240334,-152.27669,84.64169,36.917683,-150.26453,82.85684,36.98262,-150.23123,81.06188,37.10628,-150.28189,97.64863,38.752014,-98.02372,80.14484,39.5119,-86.909615,91.295,45.412056,-139.33017,84.38159,45.778828,-136.02516,111.59145,66.9619,-58.360706,68.25024,67.51439,-48.623627,112.599106,101.98713,-44.32925,63.37978,103.41092,-30.065054,113.619705,134.36755,-92.611725,62.786705,136.8477,-73.54874,115.88825,143.5449,-105.83674,62.06801,146.53378,-85.1735,113.8803,144.59598,-123.67565,63.698708,147.392,-103.92374,111.02805,141.70898,-100.57092,66.76431,143.92963,-82.47645,100.54587,137.13968,-0.38912573,74.9937,137.20312,0.50530773,95.34505,185.41483,27.989632,77.38284,184.81189,13.537254,92.75593,216.48846,163.28662,80.90778,222.85321,135.49194,91.07517,219.21292,173.69324,83.04701,227.91884,143.75069,93.367226,236.30232,120.080284,79.06098,240.58893,81.010826
image35.png,531.77545,98.05577,-544.1075,538.58093,87.92642,-520.7779,543.4191,88.148476,-520.7581,548.4442,88.23689,-520.5678,522.49615,88.140114,-525.72736,516.83167,88.27364,-525.6864,511.20535,88.472984,-525.6236,551.41486,98.37987,-364.7012,500.55682,98.610146,-380.67276,539.07733,115.21302,-485.48483,519.9437,115.02332,-490.324,584.477,189.19614,-221.93158,456.55005,191.41232,-255.24573,613.44806,295.17358,-156.76065,427.91333,301.94476,-219.48705,651.687,388.20404,-254.31029,397.31158,397.64194,-291.68448,667.1085,406.73358,-274.07974,382.03525,418.05038,-299.1478,663.7549,411.14212,-330.86044,386.0298,426.47964,-362.02524,652.993,407.35764,-278.37054,401.16803,421.33347,-317.0973,565.38257,363.69357,7.7527423,488.93063,367.6735,-7.9036007,552.1077,536.10266,-13.391031,500.52277,534.4488,-38.687572,542.8031,689.52234,139.30489,506.54987,681.3419,119.84548,536.62714,708.7514,142.16553,509.61398,699.0417,124.01217,543.8288,740.6825,-42.505447,508.35983,731.8444,-63.382893
image36.png,164.35263,75.23489,-63.626396,158.90164,66.60931,-56.926937,158.02837,65.95765,-56.953384,157.24025,65.26564,-57.000977,158.40541,67.98552,-80.16979,156.64137,68.1996,-80.18441,154.91626,68.43982,-80.19853,147.0035,67.91913,-20.568388,144.68074,72.15066,-123.96237,160.24457,82.82282,-48.088444,158.3023,84.27285,-77.83538,137.22658,115.22248,42.21492,132.70062,119.69516,-166.40433,142.86255,180.70078,73.1984,138.11876,185.04475,-175.07466,156.91405,236.44917,53.418037,149.8203,242.48438,-185.65717,161.8453,249.63266,52.894344,149.02893,258.39722,-212.2652,163.97472,252.25877,31.80885,157.36035,257.16888,-214.3536,161.22275,249.04619,43.295452,156.99055,252.64317,-187.00803,147.73587,232.74774,68.17114,144.82416,238.1844,-67.79525,139.89824,317.51855,109.1849,144.19838,319.61914,-18.051985,131.36214,391.09848,172.6111,135.27904,398.89487,53.028866,122.6423,403.2484,175.45653,125.1126,413.04153,55.490562,159.95415,408.74554,139.89278,164.95372,414.92282,-2.580966
image37.png,139.75014,48.438526,-93.15054,133.01097,40.660645,-87.15873,132.24474,40.299786,-87.10533,131.55597,39.910866,-87.171875,132.06775,42.050407,-113.37758,130.04337,42.482506,-113.33844,128.04723,42.965923,-113.30821,121.405716,45.139393,-38.414375,117.28957,48.975357,-155.70468,136.99422,57.286606,-71.797966,134.42957,58.763218,-105.81643,111.033485,96.351944,52.169544,112.88374,98.51101,-201.91284,116.26026,164.91653,85.412674,123.48864,167.92448,-208.26653,135.1467,219.26367,53.325417,138.23152,228.20506,-203.31122,139.78845,231.28348,56.683083,137.48347,243.02563,-230.91359,145.7351,233.53456,33.112556,145.49536,242.38531,-231.18463,143.23566,231.15465,42.27407,144.6192,238.78893,-203.09656,115.64386,217.6517,83.00376,116.9344,220.69365,-82.583855,118.091576,300.48203,156.99767,121.45644,302.74417,-26.1773,113.93597,378.71927,232.77122,119.06209,388.88638,40.264786,103.88982,393.6564,236.98648,108.14788,404.4371,42.244938,154.29153,397.21136,208.33049,155.78223,410.1861,-13.271075
image38.png,543.70844,166.77324,-1236.0938,563.95404,144.36919,-1178.2594,575.83014,144.68575,-1178.1613,588.16766,144.74384,-1177.8479,529.52576,145.71864,-1171.3284,517.6737,146.4139,-1171.1014,505.78146,147.3,-1171.0651,607.5103,170.74088,-818.28326,495.03085,172.22882,-767.5221,568.3538,202.5294,-1103.9834,523.1782,202.98636,-1089.6637,685.66174,369.87738,-548.5845,419.92123,373.1918,-489.65366,702.02966,599.44415,-389.07178,394.63126,608.0778,-379.0281,711.18335,826.5356,-632.55743,367.62946,831.89655,-595.68634,731.30743,894.03204,-698.4393,348.4082,896.99603,-623.4208,705.3231,902.3489,-822.7228,362.1651,910.86865,-761.6065,687.46106,879.9477,-680.01874,387.12888,890.58,-652.67474,631.7741,769.4199,-3.5185952,468.6748,767.6049,3.7419496,627.96924,1123.0315,13.602475,477.50653,1125.5172,-45.184547,629.0833,1415.1017,507.18835,477.68402,1439.8914,403.76044,621.9536,1447.1432,530.3347,487.11847,1480.9255,423.96524,626.18805,1537.7532,91.34852,461.93512,1555.0742,-23.570433
image39.png,87.318954,55.63057,-129.62697,89.63226,52.36827,-121.382805,91.10077,52.315426,-121.38454,92.62903,52.23756,-121.38248,85.03942,52.544918,-121.353294,83.49571,52.564404,-121.31034,81.95598,52.615715,-121.31452,94.56917,54.600666,-67.061424,79.9415,54.961273,-63.98335,90.10544,59.740093,-109.10406,84.49902,59.861794,-108.34354,104.68535,80.617294,-23.177729,69.46601,80.73466,-22.76719,107.99906,111.09508,-4.724348,65.9314,111.73576,1.1737938,110.80138,138.19174,-60.482197,62.05216,138.33904,-43.12899,113.59304,145.82605,-72.93456,59.796597,146.06044,-52.69159,112.04335,146.72809,-91.168144,61.461025,147.0884,-72.497505,109.53194,144.2434,-68.97899,64.48583,144.48238,-51.77969,97.930786,135.10298,-1.057769,76.965065,135.64122,1.1191535,95.85775,182.41885,-11.20931,80.66411,184.23749,-3.4180164,89.00203,224.44882,65.81141,84.248344,225.34813,70.84036,86.24596,229.22388,69.49689,85.75758,230.83482,74.622345,90.073524,240.84346,5.257681,83.533134,239.63863,10.365956
image4.png,123.90624,53.280933,-320.5246,128.48537,46.557236,-308.20154,131.22482,46.427246,-308.21674,133.99504,46.260338,-308.24838,120.42037,46.97813,-307.90854,117.76208,47.040485,-307.89554,115.09086,47.15197,-307.99228,138.79836,50.103558,-215.17693,112.77796,50.8386,-211.46335,129.83705,60.366848,-284.5674,119.81104,60.64568,-283.83508,158.45955,91.23882,-123.74136,95.71346,91.20694,-127.7675,159.82738,135.7998,-67.50029,89.2571,131.68967,-51.908802,144.51271,165.00902,-162.21481,103.7872,164.74553,-81.094055,139.85034,175.60039,-192.2976,107.65507,175.79114,-96.13607,139.12357,171.51161,-214.13957,110.901695,172.23166,-118.68893,139.4163,166.82951,-174.60071,110.95801,166.35626,-90.076935,145.63925,179.60043,-3.0686114,108.89123,179.804,3.1692338,136.56032,257.7393,-6.617358,109.503975,256.75842,-8.820971,132.4591,327.5537,94.6358,111.52615,326.8012,97.76392,129.8911,337.79028,97.234985,115.01808,336.71722,101.103096,134.17072,349.01028,-14.624753,104.60214,350.08438,-9.098445
image43.png,281.5865,134.35017,-462.2347,282.94577,109.32472,-424.0771,291.9838,108.72146,-424.31113,301.2795,107.90984,-424.63098,257.28708,110.66498,-455.71277,245.0821,111.28142,-455.59427,232.95235,112.095085,-455.80844,297.7822,128.43146,-211.89574,208.69456,134.09227,-357.6538,296.3364,163.18399,-382.07007,254.92313,166.73627,-423.58545,328.71582,292.83365,-3.8995287,171.8979,309.7834,-420.59277,360.36868,491.30417,103.12335,122.694244,523.7901,-444.60684,414.12402,663.6884,15.426943,244.25328,722.72345,-468.25897,430.6513,710.5282,8.810164,263.69452,771.1304,-522.55133,435.94162,713.0887,-49.882046,290.09238,742.61096,-531.0294,421.55237,703.9941,-13.336125,281.2427,731.40466,-463.72308,356.90457,684.2846,150.94125,279.0719,698.55676,-150.07932,353.3383,942.3318,349.8612,256.37064,969.83386,-0.8477817,328.96292,1174.1139,562.437,216.37283,1211.6754,209.39879,298.71942,1223.153,572.083,191.88577,1255.959,217.40259,449.34845,1217.8953,435.0164,262.877,1290.8926,24.590126
image44.png,272.3662,83.72354,-423.4753,279.46512,72.88535,-399.9186,284.12097,72.24125,-400.023,288.98026,71.5109,-399.99246,264.97012,74.646355,-397.9869,260.31433,75.14772,-397.87683,255.66843,75.71873,-397.82095,297.7034,77.19801,-251.75185,252.0386,82.40768,-231.79962,283.16602,96.31368,-368.0881,266.40497,98.205574,-362.8255,337.29773,166.14207,-124.7654,219.879,168.6944,-129.44173,338.47125,275.6917,-80.6184,212.17517,278.2946,-75.26392,339.19623,367.97778,-237.9402,203.69502,371.44498,-187.3112,345.53064,391.817,-275.75272,196.764,397.7617,-216.83073,339.55954,394.38058,-330.44214,205.69179,399.03793,-269.58655,331.63736,385.71912,-263.06247,215.03674,389.33154,-210.1982,308.3772,343.89288,-14.376948,239.72197,344.0038,14.472888,296.8811,500.73816,-46.081245,246.58424,498.29947,-0.9577852,295.86716,649.1456,96.82504,253.14098,640.42114,162.34328,293.74463,665.6816,98.297966,259.63953,658.64514,167.03624,292.5457,699.9002,-105.38625,243.96414,688.8556,-23.125322
image46.png,479.46854,202.26411,-1358.6156,496.18762,177.18642,-1313.6888,506.8754,176.67603,-1313.6577,517.8702,175.9377,-1313.4431,464.72485,179.12056,-1312.0685,454.11414,179.57785,-1311.7003,443.50574,180.28888,-1311.68,537.1398,191.39948,-949.606,434.74094,195.91597,-926.11835,502.7484,232.77226,-1216.3523,464.55457,234.22662,-1210.0228,627.76074,384.36407,-596.203,352.01807,378.9792,-601.08453,648.59674,610.6688,-456.6726,323.94797,612.70123,-471.12686,660.22766,803.61926,-904.53284,308.77206,810.15247,-832.32605,675.8125,863.8519,-1028.616,293.71313,869.3753,-928.2179,652.0806,861.9955,-1161.392,311.5649,874.0121,-1070.1327,635.25525,838.6037,-963.0948,334.26202,851.5515,-893.75006,558.0044,785.405,-4.421949,402.2744,778.9229,4.664833,531.7256,1114.3049,6.826816,418.6617,1114.574,11.516863,518.3855,1405.2125,476.45895,431.858,1406.4473,520.3275,504.31223,1446.1724,494.6811,443.9911,1447.7213,540.75415,546.764,1495.9196,71.64033,419.72256,1503.6399,113.233284
image47.png,529.2446,100.47301,-460.99432,510.52713,80.9902,-434.26047,510.83914,79.8058,-434.24323,511.58044,78.45762,-434.2069,501.30634,85.989334,-502.18042,493.8707,88.15881,-502.04202,486.57907,90.4619,-502.01898,487.61722,92.024765,-237.37447,456.52783,107.91925,-548.8364,527.666,124.23702,-381.95474,514.8041,130.52498,-472.62427,510.5491,244.13298,66.10367,410.3161,246.9395,-657.6854,525.1205,428.45084,213.04562,434.76746,437.0466,-701.2399,567.61615,588.1392,62.87191,485.77097,617.1256,-793.24335,585.1739,633.0066,68.32028,480.66556,673.1323,-879.80695,586.0467,637.9579,-21.877134,512.94684,670.1639,-898.9655,571.84155,624.56995,22.798027,516.15985,650.5666,-797.8772,496.0972,565.61066,231.90515,433.928,572.7923,-230.88318,509.40036,821.2763,334.3624,431.39444,840.6156,-334.713,481.88858,1066.0903,447.53894,394.5961,1110.394,-326.57642,454.34534,1115.9075,443.584,360.63495,1153.2625,-340.17877,597.02856,1115.2067,295.47995,487.12515,1193.0084,-582.2463
image48.png,326.8136,176.67801,-733.6159,338.06598,161.14742,-696.1304,345.12585,161.33374,-696.1379,352.39896,161.40015,-696.064,316.3986,160.63242,-701.17456,308.772,160.14478,-700.91833,301.13727,159.81587,-700.826,360.23572,172.08472,-439.85974,289.67633,169.33565,-452.69043,338.88467,196.35039,-635.8183,312.02124,195.12556,-640.346,402.5113,286.0607,-231.18326,232.9583,285.94266,-272.2424,414.1505,429.04532,-148.22295,219.96194,430.55206,-181.15756,427.13364,565.1085,-378.6177,209.49669,565.4741,-339.33167,438.63495,603.69904,-427.6933,199.95926,604.25977,-376.47736,430.6061,608.74023,-509.82574,209.72722,609.29047,-464.0278,418.35715,595.92316,-415.61734,223.44615,596.0394,-376.13245,371.5724,535.9268,-0.25146803,272.3007,539.32214,0.51053786,354.9016,742.8588,6.84766,281.74472,755.5139,-16.813013,349.0045,930.9751,305.63913,295.23294,934.2983,312.34186,342.07132,955.23834,317.23135,303.35742,957.3575,328.38284,356.62552,997.5507,21.826084,290.51764,1002.2386,41.934425
image52.png,207.11246,59.609135,29.761194,209.59282,57.048737,25.458387,210.22696,57.3485,25.510872,210.956,57.655216,25.49593,208.64856,56.271572,37.11504,208.61652,55.936687,37.144226,208.5894,55.624397,37.152523,213.22427,59.62861,10.40804,210.51694,56.685127,64.51456,207.70111,63.69342,24.931524,206.36142,62.608444,40.472336,212.409,74.78359,-25.19126,207.23813,76.209015,82.24981,217.60924,100.85977,-63.84468,202.17621,104.480965,87.44409,210.36255,132.52835,-74.694084,191.97734,133.09293,58.106728,210.38545,143.02629,-87.56408,188.98347,141.3882,53.371292,206.99013,142.10559,-84.899994,189.82626,141.13052,42.57936,207.51436,139.41109,-73.29807,191.02446,138.23947,52.50525,177.578,129.5621,-27.773346,176.7583,130.36041,27.833202,158.8075,182.08313,-31.135077,191.55847,180.09381,23.759506,153.66832,229.02373,-8.003859,211.31459,226.72202,54.574986,155.7768,234.8456,-7.3321705,214.9713,236.13335,56.12021,139.41861,244.74252,-45.34152,209.03218,232.51173,27.332705
image54.png,213.30005,41.41503,-166.23419,217.92921,33.66676,-155.15329,221.22006,33.65651,-155.14185,224.59894,33.59982,-155.21385,208.81522,33.939964,-154.40097,205.34409,34.02189,-154.31581,201.85457,34.168255,-154.27875,229.02614,39.140182,-88.30743,197.52103,39.51843,-79.67529,219.56866,50.437454,-141.31816,206.79425,50.69253,-138.92793,250.83809,89.5959,-65.76378,176.42603,91.002075,-44.625515,260.2854,145.67061,-57.466415,169.32689,149.36417,-36.23615,261.55,203.84128,-155.23486,161.10628,203.7485,-99.23015,266.8805,224.53006,-183.19849,155.8566,220.86618,-112.756744,254.7274,225.26967,-203.01686,160.95041,223.98203,-141.40637,249.33786,217.45769,-163.60704,168.16423,218.29555,-111.88521,236.23431,211.63725,-8.055995,192.385,211.12247,8.53674,239.39517,287.20135,-5.3265743,188.15881,284.18906,12.122234,231.96313,350.99527,112.30363,185.42603,347.84515,140.03873,230.37523,358.10342,119.855255,186.012,356.7075,146.9877,228.65506,381.23126,52.56244,185.46924,375.0497,71.50566
image6.png,548.18774,258.77322,-798.50806,559.154,243.12334,-764.116,566.53375,242.94662,-764.06555,574.1626,242.59682,-763.93304,536.8032,244.4817,-765.5024,529.12787,244.98326,-765.25964,521.4578,245.66794,-765.20593,585.5998,256.43192,-517.993,512.7606,259.3166,-515.8894,563.4912,280.57977,-703.99713,535.4622,281.6096,-703.6124,645.9902,387.8264,-311.94626,452.68878,378.90317,-320.44617,668.40967,526.03937,-185.74702,416.5867,514.62585,-209.36478,667.4578,655.4476,-447.58496,410.12985,650.92804,-416.53485,674.47363,697.6135,-523.1828,403.16537,693.48663,-463.34995,657.16315,698.5426,-602.65625,414.32278,698.5562,-558.8876,647.9446,682.97437,-482.31528,428.38403,683.3283,-456.05872,589.1188,671.9204,15.848984,477.5597,664.3092,-15.788417,568.1238,893.10394,41.098255,458.0937,888.0685,-19.303135,552.64813,1080.3003,364.37173,442.82758,1082.7454,313.5061,540.73083,1106.5125,379.4015,452.429,1111.3241,329.44794,569.4093,1147.3042,108.64779,407.9252,1151.0288,46.954895
image62.png,121.361824,47.73949,-130.3583,125.330925,42.09054,-116.39721,127.904854,42.03967,-116.440216,130.53812,41.936466,-116.49872,117.555,42.42202,-116.644135,114.89981,42.49605,-116.585434,112.229225,42.62378,-116.615944,134.55907,46.04579,-34.862164,108.88914,46.62322,-32.995495,126.598755,55.03263,-99.87085,116.85958,55.265587,-99.54299,153.86687,84.961525,-2.1337829,92.12689,85.16396,17.346376,153.34743,130.26329,-40.059746,87.041306,132.83727,-18.402086,106.77751,125.79296,-119.703514,132.27925,118.58986,-109.53024,93.69483,128.48097,-146.0164,144.88843,117.74145,-134.81744,93.85164,120.72496,-142.68372,145.22945,109.644844,-133.51677,98.258965,119.7016,-120.337975,141.49164,109.960236,-110.15582,144.6431,179.09552,-4.4739532,105.8531,178.72528,4.50609,152.29227,253.46802,-6.664682,95.44881,253.0354,6.6124787,153.77484,316.63815,113.935844,93.28756,317.29672,126.61957,149.31088,325.1055,121.12854,98.423546,326.09894,133.58849,166.25616,342.42917,36.576843,76.952515,344.8903,47.971172
image65.png,423.03323,208.23175,-807.39923,440.93585,187.64775,-783.97205,449.8927,189.17712,-783.88214,459.0027,190.5556,-783.73474,416.35886,183.51875,-782.6643,407.39294,181.48051,-782.5161,398.40305,179.66359,-782.43646,469.4311,203.23405,-540.26196,385.8154,187.73236,-515.56744,436.3242,232.95763,-706.2876,403.00076,226.38376,-699.46936,514.77313,317.2089,-349.92023,318.377,309.92673,-266.85397,644.0469,447.56125,-474.21692,277.5073,477.10303,-132.58224,548.5885,522.87115,-779.9797,289.55014,625.3145,-357.89474,521.85016,554.8491,-844.0282,280.171,677.2702,-407.0842,501.8833,529.1282,-874.92096,304.95175,678.7909,-492.1283,511.5414,521.40674,-793.2618,319.3782,659.18195,-390.98892,461.84134,636.08716,-50.238255,352.22626,629.40686,50.24604,443.87662,878.0706,-102.205414,285.03897,879.6251,28.594286,416.04364,1118.3181,100.78548,265.8787,1112.0338,261.89502,403.78397,1153.8739,103.78126,288.73596,1153.3818,266.0592,428.54306,1192.211,-156.65997,172.0357,1181.4989,27.387108
image7.png,124.21339,38.271664,-217.88457,126.3318,33.138794,-210.43709,128.20497,32.86098,-210.43852,130.13763,32.54583,-210.4284,120.98978,33.86365,-210.37308,118.96476,34.03181,-210.30736,116.93866,34.24495,-210.30379,132.6821,34.83929,-152.01945,114.57045,36.835583,-148.03705,128.20314,42.6683,-195.07483,121.02236,43.44119,-193.95448,146.654,63.967186,-104.51947,101.86806,64.69725,-95.5171,149.53178,100.540504,-80.94969,95.59615,99.95341,-65.83098,150.30818,133.61856,-132.22234,94.75794,133.48457,-104.636284,152.11041,143.83849,-147.2545,93.53861,144.15866,-113.48214,149.6102,143.85133,-165.54478,96.26264,144.88533,-134.95815,146.98474,140.10107,-139.99207,99.323524,140.9155,-113.70126,135.94807,132.01932,-3.7259386,110.17847,131.9728,3.810632,134.61742,182.58464,5.364916,109.85699,182.45355,20.338146,132.18892,226.22932,93.89765,111.557465,227.5477,117.191315,129.7626,231.63197,98.66723,114.18171,233.64796,122.53128,137.88617,244.98161,30.221552,106.90628,246.82227,54.040874
image72.png,368.78397,52.076176,-92.8537,373.63416,43.66738,-115.95317,375.05008,43.08561,-115.97873,376.5429,42.438206,-115.935455,374.36356,44.18057,-87.6401,376.0313,44.14829,-87.676,377.66,44.143124,-87.61699,388.86597,44.938614,-163.26588,389.54575,46.85968,-30.72427,374.9044,60.436996,-107.29186,375.35373,61.176723,-69.01274,409.0137,94.60536,-216.76776,399.78064,96.98569,80.298615,411.35144,166.70241,-241.00682,404.99915,166.29259,114.03626,403.39694,230.32812,-263.43417,400.2849,223.66081,102.99583,409.4842,245.34209,-301.7892,400.41208,238.36559,126.43329,397.48715,247.4823,-301.02847,396.37772,239.12889,97.356804,396.06558,242.65875,-264.96277,396.30862,234.47466,91.36961,409.00275,220.82202,-95.9935,400.57794,217.20279,96.25278,403.19214,313.7027,-57.930065,400.6397,311.7407,141.76337,412.48373,413.2693,-7.6343255,413.44086,398.67444,210.64636,424.08005,429.45483,-9.704928,423.9925,414.3558,215.5727,370.84714,437.33484,-78.68677,372.8503,421.22162,188.02847
image78.png,399.7942,101.05206,-556.7853,412.53253,84.63339,-497.9568,421.2441,84.222206,-498.0877,430.297,83.63587,-498.15802,385.59888,87.09547,-495.44708,376.6519,88.07699,-495.0176,367.63425,89.23591,-494.9403,445.00476,101.04989,-199.65648,358.78857,107.91914,-171.89784,419.62552,127.22936,-450.162,385.58676,129.83087,-442.72742,518.4071,252.97824,-29.611595,309.33957,263.19736,-24.06972,547.0715,406.75983,4.4764476,299.8218,427.4642,45.415348,555.77124,559.6374,-424.20813,290.87122,599.4108,-212.03325,571.3337,612.4859,-523.16046,280.55353,653.7884,-273.92676,549.7646,614.48096,-612.647,291.19748,661.07275,-369.6793,537.3965,594.2507,-469.20673,303.96164,642.2373,-258.12073,487.51074,587.58374,-11.576614,350.6402,585.79285,12.226038,531.354,855.9154,-32.38276,301.01743,837.7217,-118.81386,581.043,1100.1323,345.8631,280.04498,1103.529,255.55202,574.979,1122.586,359.82248,285.86642,1127.2002,270.99673,605.47644,1209.1858,-31.497854,278.55817,1220.8406,-117.7744
image8.png,205.45268,151.08646,-578.12964,219.94748,122.91676,-534.4432,232.13882,122.29699,-534.5156,244.6183,121.540726,-534.4198,187.10194,124.88754,-533.13367,174.28297,125.227974,-533.17535,161.44994,125.768364,-533.6782,260.33618,139.09306,-284.72827,145.96033,144.19357,-263.39435,229.49701,182.34941,-484.96948,183.12248,184.66469,-478.51578,337.23062,315.19113,-124.55991,73.38773,324.60144,-151.63051,372.60815,513.8914,-43.552856,44.82565,546.54034,-150.11859,372.79324,680.6534,-352.43777,45.84825,689.9962,-434.23843,379.7071,735.19165,-435.94147,41.48021,741.87604,-521.61115,361.03992,726.8457,-504.2354,62.6125,727.6116,-577.7271,347.6308,708.4793,-386.84622,77.06533,708.5988,-460.82443,280.52374,710.55853,-18.819471,127.710915,714.04095,20.776972,277.87003,916.5737,-362.2556,128.55167,956.3097,-61.155,268.91364,1154.5399,-42.3782,123.38388,1160.4291,362.34286,262.2127,1185.0632,-25.762987,124.40871,1184.7195,383.44547,269.56226,1248.6816,-326.4416,142.45444,1263.31,102.54834
image90.png,750.013,128.05069,-539.879,752.812,109.452034,-494.54266,760.65924,109.45122,-494.7578,768.6825,109.35427,-494.82632,730.0856,110.724556,-513.6909,720.26483,111.239494,-513.5836,710.44934,111.827866,-513.64996,768.9571,123.431,-298.4772,690.00635,127.017555,-379.3934,763.339,150.78331,-468.9358,729.4802,151.72946,-490.8745,799.3611,244.66791,-181.8436,642.27625,234.93068,-357.74042,803.3851,384.5644,-148.7391,591.3532,375.40698,-486.31006,829.9687,504.96738,-278.67407,682.40814,381.95737,-719.38086,843.1634,544.6459,-310.81076,710.9956,398.85287,-789.30743,833.5871,542.7536,-357.38943,719.9858,371.0231,-792.98236,824.9068,529.0616,-298.77594,712.774,368.64716,-723.3301,766.0695,476.1549,70.67368,675.55225,481.42947,-69.121635,777.7088,622.2009,-82.308266,710.8727,642.99286,-91.78422,772.02057,754.4752,229.52234,694.96844,744.66565,420.0034,766.97015,773.1011,253.90758,678.8958,754.012,467.73376,785.185,810.42255,126.46381,731.4224,806.14886,403.90222
image95.png,399.53928,222.40729,-217.83101,418.6991,198.80133,-235.125,426.38486,197.34055,-235.03851,434.2963,195.66884,-235.0704,404.44885,202.4067,-184.25957,401.0691,203.19087,-184.28894,397.61502,204.15118,-184.19786,468.75876,205.58296,-219.71898,419.2245,213.96802,17.36709,426.15628,244.49576,-205.45453,405.7472,248.21587,-137.44566,568.57324,331.5453,-195.15828,401.95032,352.36398,178.92311,683.2517,491.7196,-249.81624,383.3888,486.64493,316.76495,550.8747,598.628,-227.8196,370.30804,595.4274,61.59806,525.43933,633.88214,-246.69511,361.8537,634.8264,3.7126567,499.4524,611.1137,-255.75558,375.89014,624.6453,-42.058525,510.8983,599.44934,-219.89572,386.6703,611.60474,35.09817,526.4485,682.1632,-146.59132,430.35187,680.59937,147.1092,486.63907,934.09937,-188.7828,397.70023,916.04785,40.70376,520.2481,1180.7054,-93.48546,475.4157,1148.0159,169.1016,551.8746,1209.8589,-92.33868,514.4531,1180.5421,171.56818,442.8781,1268.1318,-252.66626,397.22458,1228.9368,53.0827
image97.png,525.2684,208.71625,171.50883,516.9976,197.64032,130.3688,511.1973,197.63281,130.49207,505.58618,197.48787,130.36005,531.92255,198.18456,126.285545,537.37103,198.37637,126.21853,542.8282,198.5693,126.507286,498.3852,207.18253,-9.374058,549.54834,207.8251,-26.28347,518.1379,220.02771,130.68445,533.86597,220.17131,123.975464,449.74728,290.09094,-78.7722,593.062,279.23578,-144.10213,416.59152,390.35135,-106.47583,615.76855,376.88208,-234.48903,417.8826,496.2842,-167.96808,625.49475,485.89603,-276.72696,420.08905,526.29474,-192.10709,629.6716,518.91223,-304.0537,424.8568,527.15326,-200.9298,627.04645,516.9186,-317.13568,426.9886,514.3235,-171.88463,619.97876,504.18637,-279.78278,479.5479,491.5826,42.726044,568.03827,488.07095,-42.361977,460.05344,671.59644,126.90002,608.9011,658.8402,25.858078,443.883,846.0686,-7.0975776,629.8225,846.2192,-83.153946,448.1089,873.7088,-24.137335,621.2254,880.0137,-96.76156,436.49292,858.98474,-12.783162,667.8438,856.51086,-120.006966
image98.png,154.11519,52.996613,-80.03272,154.60774,47.813778,-88.29709,155.55058,47.026142,-88.32678,156.55005,46.19726,-88.34059,153.45004,48.873917,-74.440704,153.46964,48.907753,-74.416405,153.46684,48.98179,-74.376434,162.65012,43.7634,-100.437096,158.63287,47.038536,-33.056446,159.43222,54.3655,-83.21946,158.03087,55.701138,-63.6138,188.329,60.812626,-115.35926,163.75479,67.155975,19.222462,198.41931,96.39224,-119.890526,165.44731,101.9926,48.87669,190.66243,128.91574,-126.50191,158.66396,131.82309,26.56988,191.51436,138.05643,-140.95757,157.86183,140.10233,33.02462,186.09341,138.13225,-146.727,154.2491,141.12273,14.797379,185.50853,134.81926,-127.86415,156.36667,138.66916,18.479082,186.77,128.66876,-41.959206,171.64247,129.18256,42.021988,185.80803,176.07329,-31.695164,169.20853,173.58469,81.031685,190.99109,221.92522,5.3944674,170.69556,215.04935,132.65016,195.44803,229.28749,5.892995,175.08366,223.38205,135.80727,174.33371,236.45744,-37.714027,154.22887,226.43022,108.14108
image99.jpg,427.79294,110.843765,-934.6028,444.7607,82.58513,-872.0775,459.7076,84.63465,-871.983,474.94064,86.41311,-872.1228,403.27347,79.05748,-880.4981,386.3017,77.777084,-880.4357,369.26544,76.7853,-880.2077,487.5396,116.31954,-550.7936,340.53082,105.425026,-574.50665,453.62564,157.7773,-815.6414,392.69928,152.95319,-821.8188,608.8564,345.57855,-409.50037,219.7029,341.25848,-414.3482,762.8416,571.3813,-354.7099,103.9871,590.1343,-333.07364,765.0255,777.83575,-744.90875,117.32222,821.60785,-680.30225,769.3786,854.7499,-874.99854,113.223076,905.7806,-773.6871,722.80133,836.75995,-927.99457,156.37201,886.5967,-867.84705,706.9872,811.57477,-767.9358,175.58891,855.26495,-720.45416,575.5871,878.87946,-1.0837654,351.48343,891.8345,3.4975553,622.23126,1261.299,-86.730255,354.86035,1249.3372,-92.94755,648.81836,1432.3202,718.77094,361.66742,1445.8878,838.26154,648.9771,1444.9904,791.02814,366.4179,1460.5125,916.1823,646.8716,1560.0067,585.97345,373.93936,1588.0994,694.38446
